This is XeTeX, Version 3.141592653-2.6-0.999997 (TeX Live 2025) (preloaded format=xelatex 2025.8.6)  6 AUG 2025 14:00
entering extended mode
 restricted \write18 enabled.
 file:line:error style messages enabled.
 %&-line parsing enabled.
**main.tex
(./main.tex
LaTeX2e <2024-11-01> patch level 2
L3 programming layer <2025-01-18>
(./tudelft-report.cls
Document Class: tudelft-report 30-06-2023 v1.7 TU Delft Report Class
(/usr/local/texlive/2025/texmf-dist/tex/latex/base/book.cls
Document Class: book 2024/06/29 v1.4n Standard LaTeX document class
(/usr/local/texlive/2025/texmf-dist/tex/latex/base/bk12.clo
File: bk12.clo 2024/06/29 v1.4n Standard LaTeX file (size option)
)
\c@part=\count192
\c@chapter=\count193
\c@section=\count194
\c@subsection=\count195
\c@subsubsection=\count196
\c@paragraph=\count197
\c@subparagraph=\count198
\c@figure=\count199
\c@table=\count266
\abovecaptionskip=\skip49
\belowcaptionskip=\skip50
\bibindent=\dimen141
) (/usr/local/texlive/2025/texmf-dist/tex/latex/mathtools/mathtools.sty
Package: mathtools 2024/10/04 v1.31 mathematical typesetting tools
 (/usr/local/texlive/2025/texmf-dist/tex/latex/graphics/keyval.sty
Package: keyval 2022/05/29 v1.15 key=value parser (DPC)
\KV@toks@=\toks17
) (/usr/local/texlive/2025/texmf-dist/tex/latex/tools/calc.sty
Package: calc 2023/07/08 v4.3 Infix arithmetic (KKT,FJ)
\calc@Acount=\count267
\calc@Bcount=\count268
\calc@Adimen=\dimen142
\calc@Bdimen=\dimen143
\calc@Askip=\skip51
\calc@Bskip=\skip52
LaTeX Info: Redefining \setlength on input line 80.
LaTeX Info: Redefining \addtolength on input line 81.
\calc@Ccount=\count269
\calc@Cskip=\skip53
) (/usr/local/texlive/2025/texmf-dist/tex/latex/mathtools/mhsetup.sty
Package: mhsetup 2021/03/18 v1.4 programming setup (MH)
) (/usr/local/texlive/2025/texmf-dist/tex/latex/amsmath/amsmath.sty
Package: amsmath 2024/11/05 v2.17t AMS math features
\@mathmargin=\skip54

For additional information on amsmath, use the `?' option.
(/usr/local/texlive/2025/texmf-dist/tex/latex/amsmath/amstext.sty
Package: amstext 2021/08/26 v2.01 AMS text
 (/usr/local/texlive/2025/texmf-dist/tex/latex/amsmath/amsgen.sty
File: amsgen.sty 1999/11/30 v2.0 generic functions
\@emptytoks=\toks18
\ex@=\dimen144
)) (/usr/local/texlive/2025/texmf-dist/tex/latex/amsmath/amsbsy.sty
Package: amsbsy 1999/11/29 v1.2d Bold Symbols
\pmbraise@=\dimen145
) (/usr/local/texlive/2025/texmf-dist/tex/latex/amsmath/amsopn.sty
Package: amsopn 2022/04/08 v2.04 operator names
)
\inf@bad=\count270
LaTeX Info: Redefining \frac on input line 233.
\uproot@=\count271
\leftroot@=\count272
LaTeX Info: Redefining \overline on input line 398.
LaTeX Info: Redefining \colon on input line 409.
\classnum@=\count273
\DOTSCASE@=\count274
LaTeX Info: Redefining \ldots on input line 495.
LaTeX Info: Redefining \dots on input line 498.
LaTeX Info: Redefining \cdots on input line 619.
\Mathstrutbox@=\box52
\strutbox@=\box53
LaTeX Info: Redefining \big on input line 721.
LaTeX Info: Redefining \Big on input line 722.
LaTeX Info: Redefining \bigg on input line 723.
LaTeX Info: Redefining \Bigg on input line 724.
\big@size=\dimen146
LaTeX Font Info:    Redeclaring font encoding OML on input line 742.
LaTeX Font Info:    Redeclaring font encoding OMS on input line 743.
\macc@depth=\count275
LaTeX Info: Redefining \bmod on input line 904.
LaTeX Info: Redefining \pmod on input line 909.
LaTeX Info: Redefining \smash on input line 939.
LaTeX Info: Redefining \relbar on input line 969.
LaTeX Info: Redefining \Relbar on input line 970.
\c@MaxMatrixCols=\count276
\dotsspace@=\muskip17
\c@parentequation=\count277
\dspbrk@lvl=\count278
\tag@help=\toks19
\row@=\count279
\column@=\count280
\maxfields@=\count281
\andhelp@=\toks20
\eqnshift@=\dimen147
\alignsep@=\dimen148
\tagshift@=\dimen149
\tagwidth@=\dimen150
\totwidth@=\dimen151
\lineht@=\dimen152
\@envbody=\toks21
\multlinegap=\skip55
\multlinetaggap=\skip56
\mathdisplay@stack=\toks22
LaTeX Info: Redefining \[ on input line 2953.
LaTeX Info: Redefining \] on input line 2954.
)
\g_MT_multlinerow_int=\count282
\l_MT_multwidth_dim=\dimen153
\origjot=\skip57
\l_MT_shortvdotswithinadjustabove_dim=\dimen154
\l_MT_shortvdotswithinadjustbelow_dim=\dimen155
\l_MT_above_intertext_sep=\dimen156
\l_MT_below_intertext_sep=\dimen157
\l_MT_above_shortintertext_sep=\dimen158
\l_MT_below_shortintertext_sep=\dimen159
\xmathstrut@box=\box54
\xmathstrut@dim=\dimen160
) (/usr/local/texlive/2025/texmf-dist/tex/latex/amsfonts/amssymb.sty
Package: amssymb 2013/01/14 v3.01 AMS font symbols
 (/usr/local/texlive/2025/texmf-dist/tex/latex/amsfonts/amsfonts.sty
Package: amsfonts 2013/01/14 v3.01 Basic AMSFonts support
\symAMSa=\mathgroup4
\symAMSb=\mathgroup5
LaTeX Font Info:    Redeclaring math symbol \hbar on input line 98.
LaTeX Font Info:    Overwriting math alphabet `\mathfrak' in version `bold'
(Font)                  U/euf/m/n --> U/euf/b/n on input line 106.
)) (/usr/local/texlive/2025/texmf-dist/tex/latex/siunitx/siunitx.sty
Package: siunitx 2025-02-27 v3.4.6 A comprehensive (SI) units package
\l__siunitx_number_uncert_offset_int=\count283
\l__siunitx_number_exponent_fixed_int=\count284
\l__siunitx_number_min_decimal_int=\count285
\l__siunitx_number_min_integer_int=\count286
\l__siunitx_number_round_precision_int=\count287
\l__siunitx_number_lower_threshold_int=\count288
\l__siunitx_number_upper_threshold_int=\count289
\l__siunitx_number_group_first_int=\count290
\l__siunitx_number_group_size_int=\count291
\l__siunitx_number_group_minimum_int=\count292
\l__siunitx_angle_tmp_dim=\dimen161
\l__siunitx_angle_marker_box=\box55
\l__siunitx_angle_unit_box=\box56
\l__siunitx_compound_count_int=\count293
 (/usr/local/texlive/2025/texmf-dist/tex/latex/translations/translations.sty
Package: translations 2022/02/05 v1.12 internationalization of LaTeX2e packages (CN)
 (/usr/local/texlive/2025/texmf-dist/tex/latex/etoolbox/etoolbox.sty
Package: etoolbox 2025/02/11 v2.5l e-TeX tools for LaTeX (JAW)
\etb@tempcnta=\count294
) (/usr/local/texlive/2025/texmf-dist/tex/generic/pdftexcmds/pdftexcmds.sty
Package: pdftexcmds 2020-06-27 v0.33 Utility functions of pdfTeX for LuaTeX (HO)
 (/usr/local/texlive/2025/texmf-dist/tex/generic/infwarerr/infwarerr.sty
Package: infwarerr 2019/12/03 v1.5 Providing info/warning/error messages (HO)
) (/usr/local/texlive/2025/texmf-dist/tex/generic/iftex/iftex.sty
Package: iftex 2024/12/12 v1.0g TeX engine tests
) (/usr/local/texlive/2025/texmf-dist/tex/generic/ltxcmds/ltxcmds.sty
Package: ltxcmds 2023-12-04 v1.26 LaTeX kernel commands for general use (HO)
)
Package pdftexcmds Info: \pdf@primitive is available.
Package pdftexcmds Info: \pdf@ifprimitive is available.
Package pdftexcmds Info: \pdfdraftmode not found.
))
\l__siunitx_table_tmp_box=\box57
\l__siunitx_table_tmp_dim=\dimen162
\l__siunitx_table_column_width_dim=\dimen163
\l__siunitx_table_integer_box=\box58
\l__siunitx_table_decimal_box=\box59
\l__siunitx_table_uncert_box=\box60
\l__siunitx_table_before_box=\box61
\l__siunitx_table_after_box=\box62
\l__siunitx_table_before_dim=\dimen164
\l__siunitx_table_carry_dim=\dimen165
\l__siunitx_unit_tmp_int=\count295
\l__siunitx_unit_position_int=\count296
\l__siunitx_unit_total_int=\count297
 (/usr/local/texlive/2025/texmf-dist/tex/latex/tools/array.sty
Package: array 2024/10/17 v2.6g Tabular extension package (FMi)
\col@sep=\dimen166
\ar@mcellbox=\box63
\extrarowheight=\dimen167
\NC@list=\toks23
\extratabsurround=\skip58
\backup@length=\skip59
\ar@cellbox=\box64
)) (/usr/local/texlive/2025/texmf-dist/tex/latex/tools/tabularx.sty
Package: tabularx 2023/12/11 v2.12a `tabularx' package (DPC)
\TX@col@width=\dimen168
\TX@old@table=\dimen169
\TX@old@col=\dimen170
\TX@target=\dimen171
\TX@delta=\dimen172
\TX@cols=\count298
\TX@ftn=\toks24
) (/usr/local/texlive/2025/texmf-dist/tex/latex/booktabs/booktabs.sty
Package: booktabs 2020/01/12 v1.61803398 Publication quality tables
\heavyrulewidth=\dimen173
\lightrulewidth=\dimen174
\cmidrulewidth=\dimen175
\belowrulesep=\dimen176
\belowbottomsep=\dimen177
\aboverulesep=\dimen178
\abovetopsep=\dimen179
\cmidrulesep=\dimen180
\cmidrulekern=\dimen181
\defaultaddspace=\dimen182
\@cmidla=\count299
\@cmidlb=\count300
\@aboverulesep=\dimen183
\@belowrulesep=\dimen184
\@thisruleclass=\count301
\@lastruleclass=\count302
\@thisrulewidth=\dimen185
) (/usr/local/texlive/2025/texmf-dist/tex/latex/tools/longtable.sty
Package: longtable 2024-10-27 v4.22 Multi-page Table package (DPC)
\LTleft=\skip60
\LTright=\skip61
\LTpre=\skip62
\LTpost=\skip63
\LTchunksize=\count303
\LTcapwidth=\dimen186
\LT@head=\box65
\LT@firsthead=\box66
\LT@foot=\box67
\LT@lastfoot=\box68
\LT@gbox=\box69
\LT@cols=\count304
\LT@rows=\count305
\c@LT@tables=\count306
\c@LT@chunks=\count307
\LT@p@ftn=\toks25
) (/usr/local/texlive/2025/texmf-dist/tex/latex/multirow/multirow.sty
Package: multirow 2024/11/12 v2.9 Span multiple rows of a table
\multirow@colwidth=\skip64
\multirow@cntb=\count308
\multirow@dima=\skip65
\bigstrutjot=\dimen187
) (/usr/local/texlive/2025/texmf-dist/tex/latex/graphics/graphicx.sty
Package: graphicx 2021/09/16 v1.2d Enhanced LaTeX Graphics (DPC,SPQR)
 (/usr/local/texlive/2025/texmf-dist/tex/latex/graphics/graphics.sty
Package: graphics 2024/08/06 v1.4g Standard LaTeX Graphics (DPC,SPQR)
 (/usr/local/texlive/2025/texmf-dist/tex/latex/graphics/trig.sty
Package: trig 2023/12/02 v1.11 sin cos tan (DPC)
) (/usr/local/texlive/2025/texmf-dist/tex/latex/graphics-cfg/graphics.cfg
File: graphics.cfg 2016/06/04 v1.11 sample graphics configuration
)
Package graphics Info: Driver file: xetex.def on input line 106.
 (/usr/local/texlive/2025/texmf-dist/tex/latex/graphics-def/xetex.def
File: xetex.def 2022/09/22 v5.0n Graphics/color driver for xetex
))
\Gin@req@height=\dimen188
\Gin@req@width=\dimen189
) (/usr/local/texlive/2025/texmf-dist/tex/latex/float/float.sty
Package: float 2001/11/08 v1.3d Float enhancements (AL)
\c@float@type=\count309
\float@exts=\toks26
\float@box=\box70
\@float@everytoks=\toks27
\@floatcapt=\box71
) (/usr/local/texlive/2025/texmf-dist/tex/latex/caption/caption.sty
Package: caption 2023/08/05 v3.6o Customizing captions (AR)
 (/usr/local/texlive/2025/texmf-dist/tex/latex/caption/caption3.sty
Package: caption3 2023/07/31 v2.4d caption3 kernel (AR)
\caption@tempdima=\dimen190
\captionmargin=\dimen191
\caption@leftmargin=\dimen192
\caption@rightmargin=\dimen193
\caption@width=\dimen194
\caption@indent=\dimen195
\caption@parindent=\dimen196
\caption@hangindent=\dimen197
Package caption Info: Standard document class detected.
)
\c@caption@flags=\count310
\c@continuedfloat=\count311
Package caption Info: float package is loaded.
Package caption Info: longtable package is loaded.
 (/usr/local/texlive/2025/texmf-dist/tex/latex/caption/ltcaption.sty
Package: ltcaption 2021/01/08 v1.4c longtable captions (AR)
)) (/usr/local/texlive/2025/texmf-dist/tex/latex/caption/subcaption.sty
Package: subcaption 2023/07/28 v1.6b Sub-captions (AR)
Package caption Info: New subtype `subfigure' on input line 238.
\c@subfigure=\count312
Package caption Info: New subtype `subtable' on input line 238.
\c@subtable=\count313
) (/usr/local/texlive/2025/texmf-dist/tex/latex/pdfpages/pdfpages.sty
Package: pdfpages 2025/01/30 v0.6e Insert pages of external PDF documents (AM)
 (/usr/local/texlive/2025/texmf-dist/tex/latex/base/ifthen.sty
Package: ifthen 2024/03/16 v1.1e Standard LaTeX ifthen package (DPC)
)
(/usr/local/texlive/2025/texmf-dist/tex/latex/eso-pic/eso-pic.sty
Package: eso-pic 2023/05/03 v3.0c eso-pic (RN)
\ESO@tempdima=\dimen198
\ESO@tempdimb=\dimen199
 (/usr/local/texlive/2025/texmf-dist/tex/latex/xcolor/xcolor.sty
Package: xcolor 2024/09/29 v3.02 LaTeX color extensions (UK)
 (/usr/local/texlive/2025/texmf-dist/tex/latex/graphics-cfg/color.cfg
File: color.cfg 2016/01/02 v1.6 sample color configuration
)
Package xcolor Info: Driver file: xetex.def on input line 274.
 (/usr/local/texlive/2025/texmf-dist/tex/latex/graphics/mathcolor.ltx)
Package xcolor Info: Model `cmy' substituted by `cmy0' on input line 1349.
Package xcolor Info: Model `RGB' extended on input line 1365.
Package xcolor Info: Model `HTML' substituted by `rgb' on input line 1367.
Package xcolor Info: Model `Hsb' substituted by `hsb' on input line 1368.
Package xcolor Info: Model `tHsb' substituted by `hsb' on input line 1369.
Package xcolor Info: Model `HSB' substituted by `hsb' on input line 1370.
Package xcolor Info: Model `Gray' substituted by `gray' on input line 1371.
Package xcolor Info: Model `wave' substituted by `hsb' on input line 1372.
))
\AM@pagewidth=\dimen256
\AM@pageheight=\dimen257
\AM@fboxrule=\dimen258
 (/usr/local/texlive/2025/texmf-dist/tex/latex/pdfpages/ppxetex.def
File: ppxetex.def 2025/01/30 v0.6e Pdfpages driver for XeTeX (AM)
)
\pdfpages@includegraphics@status=\count314
\AM@pagebox=\box72
\AM@global@opts=\toks28
\AM@pagecnt=\count315
\AM@toc@title=\toks29
\AM@lof@heading=\toks30
\c@AM@survey=\count316
\AM@templatesizebox=\box73
) (/usr/local/texlive/2025/texmf-dist/tex/latex/hyperref/hyperref.sty
Package: hyperref 2024-11-05 v7.01l Hypertext links for LaTeX
 (/usr/local/texlive/2025/texmf-dist/tex/latex/kvsetkeys/kvsetkeys.sty
Package: kvsetkeys 2022-10-05 v1.19 Key value parser (HO)
) (/usr/local/texlive/2025/texmf-dist/tex/generic/kvdefinekeys/kvdefinekeys.sty
Package: kvdefinekeys 2019-12-19 v1.6 Define keys (HO)
) (/usr/local/texlive/2025/texmf-dist/tex/generic/pdfescape/pdfescape.sty
Package: pdfescape 2019/12/09 v1.15 Implements pdfTeX's escape features (HO)
) (/usr/local/texlive/2025/texmf-dist/tex/latex/hycolor/hycolor.sty
Package: hycolor 2020-01-27 v1.10 Color options for hyperref/bookmark (HO)
) (/usr/local/texlive/2025/texmf-dist/tex/latex/hyperref/nameref.sty
Package: nameref 2023-11-26 v2.56 Cross-referencing by name of section
 (/usr/local/texlive/2025/texmf-dist/tex/latex/refcount/refcount.sty
Package: refcount 2019/12/15 v3.6 Data extraction from label references (HO)
) (/usr/local/texlive/2025/texmf-dist/tex/generic/gettitlestring/gettitlestring.sty
Package: gettitlestring 2019/12/15 v1.6 Cleanup title references (HO)
 (/usr/local/texlive/2025/texmf-dist/tex/latex/kvoptions/kvoptions.sty
Package: kvoptions 2022-06-15 v3.15 Key value format for package options (HO)
))
\c@section@level=\count317
) (/usr/local/texlive/2025/texmf-dist/tex/generic/stringenc/stringenc.sty
Package: stringenc 2019/11/29 v1.12 Convert strings between diff. encodings (HO)
)
\@linkdim=\dimen259
\Hy@linkcounter=\count318
\Hy@pagecounter=\count319
 (/usr/local/texlive/2025/texmf-dist/tex/latex/hyperref/pd1enc.def
File: pd1enc.def 2024-11-05 v7.01l Hyperref: PDFDocEncoding definition (HO)
) (/usr/local/texlive/2025/texmf-dist/tex/generic/intcalc/intcalc.sty
Package: intcalc 2019/12/15 v1.3 Expandable calculations with integers (HO)
)
\Hy@SavedSpaceFactor=\count320
 (/usr/local/texlive/2025/texmf-dist/tex/latex/hyperref/puenc.def
File: puenc.def 2024-11-05 v7.01l Hyperref: PDF Unicode definition (HO)
)
Package hyperref Info: Option `pdfusetitle' set `true' on input line 4040.
Package hyperref Info: Hyper figures OFF on input line 4157.
Package hyperref Info: Link nesting OFF on input line 4162.
Package hyperref Info: Hyper index ON on input line 4165.
Package hyperref Info: Plain pages OFF on input line 4172.
Package hyperref Info: Backreferencing OFF on input line 4177.
Package hyperref Info: Implicit mode ON; LaTeX internals redefined.
Package hyperref Info: Bookmarks ON on input line 4424.
\c@Hy@tempcnt=\count321
 (/usr/local/texlive/2025/texmf-dist/tex/latex/url/url.sty
\Urlmuskip=\muskip18
Package: url 2013/09/16  ver 3.4  Verb mode for urls, etc.
)
LaTeX Info: Redefining \url on input line 4763.
\XeTeXLinkMargin=\dimen260
 (/usr/local/texlive/2025/texmf-dist/tex/generic/bitset/bitset.sty
Package: bitset 2019/12/09 v1.3 Handle bit-vector datatype (HO)
 (/usr/local/texlive/2025/texmf-dist/tex/generic/bigintcalc/bigintcalc.sty
Package: bigintcalc 2019/12/15 v1.5 Expandable calculations on big integers (HO)
))
\Fld@menulength=\count322
\Field@Width=\dimen261
\Fld@charsize=\dimen262
Package hyperref Info: Hyper figures OFF on input line 6042.
Package hyperref Info: Link nesting OFF on input line 6047.
Package hyperref Info: Hyper index ON on input line 6050.
Package hyperref Info: backreferencing OFF on input line 6057.
Package hyperref Info: Link coloring OFF on input line 6062.
Package hyperref Info: Link coloring with OCG OFF on input line 6067.
Package hyperref Info: PDF/A mode OFF on input line 6072.
 (/usr/local/texlive/2025/texmf-dist/tex/latex/base/atbegshi-ltx.sty
Package: atbegshi-ltx 2021/01/10 v1.0c Emulation of the original atbegshi
package with kernel methods
)
\Hy@abspage=\count323
\c@Item=\count324
\c@Hfootnote=\count325
)
Package hyperref Info: Driver (autodetected): hxetex.
 (/usr/local/texlive/2025/texmf-dist/tex/latex/hyperref/hxetex.def
File: hxetex.def 2024-11-05 v7.01l Hyperref driver for XeTeX
\pdfm@box=\box74
\c@Hy@AnnotLevel=\count326
\HyField@AnnotCount=\count327
\Fld@listcount=\count328
\c@bookmark@seq@number=\count329
 (/usr/local/texlive/2025/texmf-dist/tex/latex/rerunfilecheck/rerunfilecheck.sty
Package: rerunfilecheck 2022-07-10 v1.10 Rerun checks for auxiliary files (HO)
 (/usr/local/texlive/2025/texmf-dist/tex/latex/base/atveryend-ltx.sty
Package: atveryend-ltx 2020/08/19 v1.0a Emulation of the original atveryend package
with kernel methods
) (/usr/local/texlive/2025/texmf-dist/tex/generic/uniquecounter/uniquecounter.sty
Package: uniquecounter 2019/12/15 v1.4 Provide unlimited unique counter (HO)
)
Package uniquecounter Info: New unique counter `rerunfilecheck' on input line 285.
)
\Hy@SectionHShift=\skip66
) (/usr/local/texlive/2025/texmf-dist/tex/latex/cleveref/cleveref.sty
Package: cleveref 2018/03/27 v0.21.4 Intelligent cross-referencing
Package cleveref Info: `hyperref' support loaded on input line 2370.
LaTeX Info: Redefining \cref on input line 2370.
LaTeX Info: Redefining \Cref on input line 2370.
LaTeX Info: Redefining \crefrange on input line 2370.
LaTeX Info: Redefining \Crefrange on input line 2370.
LaTeX Info: Redefining \cpageref on input line 2370.
LaTeX Info: Redefining \Cpageref on input line 2370.
LaTeX Info: Redefining \cpagerefrange on input line 2370.
LaTeX Info: Redefining \Cpagerefrange on input line 2370.
LaTeX Info: Redefining \labelcref on input line 2370.
LaTeX Info: Redefining \labelcpageref on input line 2370.
Package cleveref Info: no abbreviation of names on input line 7852.
) (/usr/local/texlive/2025/texmf-dist/tex/latex/pgf/frontendlayer/tikz.sty (/usr/local/texlive/2025/texmf-dist/tex/latex/pgf/basiclayer/pgf.sty
(/usr/local/texlive/2025/texmf-dist/tex/latex/pgf/utilities/pgfrcs.sty (/usr/local/texlive/2025/texmf-dist/tex/generic/pgf/utilities/pgfutil-common.tex
\pgfutil@everybye=\toks31
\pgfutil@tempdima=\dimen263
\pgfutil@tempdimb=\dimen264
) (/usr/local/texlive/2025/texmf-dist/tex/generic/pgf/utilities/pgfutil-latex.def
\pgfutil@abb=\box75
) (/usr/local/texlive/2025/texmf-dist/tex/generic/pgf/utilities/pgfrcs.code.tex (/usr/local/texlive/2025/texmf-dist/tex/generic/pgf/pgf.revision.tex)
Package: pgfrcs 2023-01-15 v3.1.10 (3.1.10)
))
Package: pgf 2023-01-15 v3.1.10 (3.1.10)
 (/usr/local/texlive/2025/texmf-dist/tex/latex/pgf/basiclayer/pgfcore.sty (/usr/local/texlive/2025/texmf-dist/tex/latex/pgf/systemlayer/pgfsys.sty (/usr/local/texlive/2025/texmf-dist/tex/generic/pgf/systemlayer/pgfsys.code.tex
Package: pgfsys 2023-01-15 v3.1.10 (3.1.10)
 (/usr/local/texlive/2025/texmf-dist/tex/generic/pgf/utilities/pgfkeys.code.tex
\pgfkeys@pathtoks=\toks32
\pgfkeys@temptoks=\toks33
 (/usr/local/texlive/2025/texmf-dist/tex/generic/pgf/utilities/pgfkeyslibraryfiltered.code.tex
\pgfkeys@tmptoks=\toks34
))
\pgf@x=\dimen265
\pgf@y=\dimen266
\pgf@xa=\dimen267
\pgf@ya=\dimen268
\pgf@xb=\dimen269
\pgf@yb=\dimen270
\pgf@xc=\dimen271
\pgf@yc=\dimen272
\pgf@xd=\dimen273
\pgf@yd=\dimen274
\w@pgf@writea=\write3
\r@pgf@reada=\read2
\c@pgf@counta=\count330
\c@pgf@countb=\count331
\c@pgf@countc=\count332
\c@pgf@countd=\count333
\t@pgf@toka=\toks35
\t@pgf@tokb=\toks36
\t@pgf@tokc=\toks37
\pgf@sys@id@count=\count334
 (/usr/local/texlive/2025/texmf-dist/tex/generic/pgf/systemlayer/pgf.cfg
File: pgf.cfg 2023-01-15 v3.1.10 (3.1.10)
)
Driver file for pgf: pgfsys-xetex.def
 (/usr/local/texlive/2025/texmf-dist/tex/generic/pgf/systemlayer/pgfsys-xetex.def
File: pgfsys-xetex.def 2023-01-15 v3.1.10 (3.1.10)
 (/usr/local/texlive/2025/texmf-dist/tex/generic/pgf/systemlayer/pgfsys-dvipdfmx.def
File: pgfsys-dvipdfmx.def 2023-01-15 v3.1.10 (3.1.10)
 (/usr/local/texlive/2025/texmf-dist/tex/generic/pgf/systemlayer/pgfsys-common-pdf.def
File: pgfsys-common-pdf.def 2023-01-15 v3.1.10 (3.1.10)
)
\pgfsys@objnum=\count335
))) (/usr/local/texlive/2025/texmf-dist/tex/generic/pgf/systemlayer/pgfsyssoftpath.code.tex
File: pgfsyssoftpath.code.tex 2023-01-15 v3.1.10 (3.1.10)
\pgfsyssoftpath@smallbuffer@items=\count336
\pgfsyssoftpath@bigbuffer@items=\count337
) (/usr/local/texlive/2025/texmf-dist/tex/generic/pgf/systemlayer/pgfsysprotocol.code.tex
File: pgfsysprotocol.code.tex 2023-01-15 v3.1.10 (3.1.10)
)) (/usr/local/texlive/2025/texmf-dist/tex/generic/pgf/basiclayer/pgfcore.code.tex
Package: pgfcore 2023-01-15 v3.1.10 (3.1.10)
 (/usr/local/texlive/2025/texmf-dist/tex/generic/pgf/math/pgfmath.code.tex (/usr/local/texlive/2025/texmf-dist/tex/generic/pgf/math/pgfmathutil.code.tex) (/usr/local/texlive/2025/texmf-dist/tex/generic/pgf/math/pgfmathparser.code.tex
\pgfmath@dimen=\dimen275
\pgfmath@count=\count338
\pgfmath@box=\box76
\pgfmath@toks=\toks38
\pgfmath@stack@operand=\toks39
\pgfmath@stack@operation=\toks40
) (/usr/local/texlive/2025/texmf-dist/tex/generic/pgf/math/pgfmathfunctions.code.tex) (/usr/local/texlive/2025/texmf-dist/tex/generic/pgf/math/pgfmathfunctions.basic.code.tex) (/usr/local/texlive/2025/texmf-dist/tex/generic/pgf/math/pgfmathfunctions.trigonometric.code.tex) (/usr/local/texlive/2025/texmf-dist/tex/generic/pgf/math/pgfmathfunctions.random.code.tex)
(/usr/local/texlive/2025/texmf-dist/tex/generic/pgf/math/pgfmathfunctions.comparison.code.tex) (/usr/local/texlive/2025/texmf-dist/tex/generic/pgf/math/pgfmathfunctions.base.code.tex) (/usr/local/texlive/2025/texmf-dist/tex/generic/pgf/math/pgfmathfunctions.round.code.tex) (/usr/local/texlive/2025/texmf-dist/tex/generic/pgf/math/pgfmathfunctions.misc.code.tex) (/usr/local/texlive/2025/texmf-dist/tex/generic/pgf/math/pgfmathfunctions.integerarithmetics.code.tex) (/usr/local/texlive/2025/texmf-dist/tex/generic/pgf/math/pgfmathcalc.code.tex) (/usr/local/texlive/2025/texmf-dist/tex/generic/pgf/math/pgfmathfloat.code.tex
\c@pgfmathroundto@lastzeros=\count339
)) (/usr/local/texlive/2025/texmf-dist/tex/generic/pgf/math/pgfint.code.tex) (/usr/local/texlive/2025/texmf-dist/tex/generic/pgf/basiclayer/pgfcorepoints.code.tex
File: pgfcorepoints.code.tex 2023-01-15 v3.1.10 (3.1.10)
\pgf@picminx=\dimen276
\pgf@picmaxx=\dimen277
\pgf@picminy=\dimen278
\pgf@picmaxy=\dimen279
\pgf@pathminx=\dimen280
\pgf@pathmaxx=\dimen281
\pgf@pathminy=\dimen282
\pgf@pathmaxy=\dimen283
\pgf@xx=\dimen284
\pgf@xy=\dimen285
\pgf@yx=\dimen286
\pgf@yy=\dimen287
\pgf@zx=\dimen288
\pgf@zy=\dimen289
) (/usr/local/texlive/2025/texmf-dist/tex/generic/pgf/basiclayer/pgfcorepathconstruct.code.tex
File: pgfcorepathconstruct.code.tex 2023-01-15 v3.1.10 (3.1.10)
\pgf@path@lastx=\dimen290
\pgf@path@lasty=\dimen291
) (/usr/local/texlive/2025/texmf-dist/tex/generic/pgf/basiclayer/pgfcorepathusage.code.tex
File: pgfcorepathusage.code.tex 2023-01-15 v3.1.10 (3.1.10)
\pgf@shorten@end@additional=\dimen292
\pgf@shorten@start@additional=\dimen293
) (/usr/local/texlive/2025/texmf-dist/tex/generic/pgf/basiclayer/pgfcorescopes.code.tex
File: pgfcorescopes.code.tex 2023-01-15 v3.1.10 (3.1.10)
\pgfpic=\box77
\pgf@hbox=\box78
\pgf@layerbox@main=\box79
\pgf@picture@serial@count=\count340
) (/usr/local/texlive/2025/texmf-dist/tex/generic/pgf/basiclayer/pgfcoregraphicstate.code.tex
File: pgfcoregraphicstate.code.tex 2023-01-15 v3.1.10 (3.1.10)
\pgflinewidth=\dimen294
) (/usr/local/texlive/2025/texmf-dist/tex/generic/pgf/basiclayer/pgfcoretransformations.code.tex
File: pgfcoretransformations.code.tex 2023-01-15 v3.1.10 (3.1.10)
\pgf@pt@x=\dimen295
\pgf@pt@y=\dimen296
\pgf@pt@temp=\dimen297
) (/usr/local/texlive/2025/texmf-dist/tex/generic/pgf/basiclayer/pgfcorequick.code.tex
File: pgfcorequick.code.tex 2023-01-15 v3.1.10 (3.1.10)
) (/usr/local/texlive/2025/texmf-dist/tex/generic/pgf/basiclayer/pgfcoreobjects.code.tex
File: pgfcoreobjects.code.tex 2023-01-15 v3.1.10 (3.1.10)
) (/usr/local/texlive/2025/texmf-dist/tex/generic/pgf/basiclayer/pgfcorepathprocessing.code.tex
File: pgfcorepathprocessing.code.tex 2023-01-15 v3.1.10 (3.1.10)
) (/usr/local/texlive/2025/texmf-dist/tex/generic/pgf/basiclayer/pgfcorearrows.code.tex
File: pgfcorearrows.code.tex 2023-01-15 v3.1.10 (3.1.10)
\pgfarrowsep=\dimen298
) (/usr/local/texlive/2025/texmf-dist/tex/generic/pgf/basiclayer/pgfcoreshade.code.tex
File: pgfcoreshade.code.tex 2023-01-15 v3.1.10 (3.1.10)
\pgf@max=\dimen299
\pgf@sys@shading@range@num=\count341
\pgf@shadingcount=\count342
) (/usr/local/texlive/2025/texmf-dist/tex/generic/pgf/basiclayer/pgfcoreimage.code.tex
File: pgfcoreimage.code.tex 2023-01-15 v3.1.10 (3.1.10)
) (/usr/local/texlive/2025/texmf-dist/tex/generic/pgf/basiclayer/pgfcoreexternal.code.tex
File: pgfcoreexternal.code.tex 2023-01-15 v3.1.10 (3.1.10)
\pgfexternal@startupbox=\box80
) (/usr/local/texlive/2025/texmf-dist/tex/generic/pgf/basiclayer/pgfcorelayers.code.tex
File: pgfcorelayers.code.tex 2023-01-15 v3.1.10 (3.1.10)
) (/usr/local/texlive/2025/texmf-dist/tex/generic/pgf/basiclayer/pgfcoretransparency.code.tex
File: pgfcoretransparency.code.tex 2023-01-15 v3.1.10 (3.1.10)
)
(/usr/local/texlive/2025/texmf-dist/tex/generic/pgf/basiclayer/pgfcorepatterns.code.tex
File: pgfcorepatterns.code.tex 2023-01-15 v3.1.10 (3.1.10)
) (/usr/local/texlive/2025/texmf-dist/tex/generic/pgf/basiclayer/pgfcorerdf.code.tex
File: pgfcorerdf.code.tex 2023-01-15 v3.1.10 (3.1.10)
))) (/usr/local/texlive/2025/texmf-dist/tex/generic/pgf/modules/pgfmoduleshapes.code.tex
File: pgfmoduleshapes.code.tex 2023-01-15 v3.1.10 (3.1.10)
\pgfnodeparttextbox=\box81
) (/usr/local/texlive/2025/texmf-dist/tex/generic/pgf/modules/pgfmoduleplot.code.tex
File: pgfmoduleplot.code.tex 2023-01-15 v3.1.10 (3.1.10)
) (/usr/local/texlive/2025/texmf-dist/tex/latex/pgf/compatibility/pgfcomp-version-0-65.sty
Package: pgfcomp-version-0-65 2023-01-15 v3.1.10 (3.1.10)
\pgf@nodesepstart=\dimen300
\pgf@nodesepend=\dimen301
) (/usr/local/texlive/2025/texmf-dist/tex/latex/pgf/compatibility/pgfcomp-version-1-18.sty
Package: pgfcomp-version-1-18 2023-01-15 v3.1.10 (3.1.10)
)) (/usr/local/texlive/2025/texmf-dist/tex/latex/pgf/utilities/pgffor.sty (/usr/local/texlive/2025/texmf-dist/tex/latex/pgf/utilities/pgfkeys.sty (/usr/local/texlive/2025/texmf-dist/tex/generic/pgf/utilities/pgfkeys.code.tex)) (/usr/local/texlive/2025/texmf-dist/tex/latex/pgf/math/pgfmath.sty (/usr/local/texlive/2025/texmf-dist/tex/generic/pgf/math/pgfmath.code.tex)) (/usr/local/texlive/2025/texmf-dist/tex/generic/pgf/utilities/pgffor.code.tex
Package: pgffor 2023-01-15 v3.1.10 (3.1.10)
\pgffor@iter=\dimen302
\pgffor@skip=\dimen303
\pgffor@stack=\toks41
\pgffor@toks=\toks42
)) (/usr/local/texlive/2025/texmf-dist/tex/generic/pgf/frontendlayer/tikz/tikz.code.tex
Package: tikz 2023-01-15 v3.1.10 (3.1.10)
 (/usr/local/texlive/2025/texmf-dist/tex/generic/pgf/libraries/pgflibraryplothandlers.code.tex
File: pgflibraryplothandlers.code.tex 2023-01-15 v3.1.10 (3.1.10)
\pgf@plot@mark@count=\count343
\pgfplotmarksize=\dimen304
)
\tikz@lastx=\dimen305
\tikz@lasty=\dimen306
\tikz@lastxsaved=\dimen307
\tikz@lastysaved=\dimen308
\tikz@lastmovetox=\dimen309
\tikz@lastmovetoy=\dimen310
\tikzleveldistance=\dimen311
\tikzsiblingdistance=\dimen312
\tikz@figbox=\box82
\tikz@figbox@bg=\box83
\tikz@tempbox=\box84
\tikz@tempbox@bg=\box85
\tikztreelevel=\count344
\tikznumberofchildren=\count345
\tikznumberofcurrentchild=\count346
\tikz@fig@count=\count347
 (/usr/local/texlive/2025/texmf-dist/tex/generic/pgf/modules/pgfmodulematrix.code.tex
File: pgfmodulematrix.code.tex 2023-01-15 v3.1.10 (3.1.10)
\pgfmatrixcurrentrow=\count348
\pgfmatrixcurrentcolumn=\count349
\pgf@matrix@numberofcolumns=\count350
)
\tikz@expandcount=\count351
 (/usr/local/texlive/2025/texmf-dist/tex/generic/pgf/frontendlayer/tikz/libraries/tikzlibrarytopaths.code.tex
File: tikzlibrarytopaths.code.tex 2023-01-15 v3.1.10 (3.1.10)
))) (/usr/local/texlive/2025/texmf-dist/tex/latex/tools/xspace.sty
Package: xspace 2014/10/28 v1.13 Space after command names (DPC,MH)
) (/usr/local/texlive/2025/texmf-dist/tex/latex/microtype/microtype.sty
Package: microtype 2025/02/11 v3.2a Micro-typographical refinements (RS)
\MT@toks=\toks43
\MT@tempbox=\box86
\MT@count=\count352
LaTeX Info: Redefining \noprotrusionifhmode on input line 1087.
LaTeX Info: Redefining \leftprotrusion on input line 1088.
\MT@prot@toks=\toks44
LaTeX Info: Redefining \rightprotrusion on input line 1107.
LaTeX Info: Redefining \textls on input line 1449.
\MT@outer@kern=\dimen313
LaTeX Info: Redefining \microtypecontext on input line 2053.
LaTeX Info: Redefining \textmicrotypecontext on input line 2070.
\MT@listname@count=\count353
 (/usr/local/texlive/2025/texmf-dist/tex/latex/microtype/microtype-xetex.def
File: microtype-xetex.def 2025/02/11 v3.2a Definitions specific to xetex (RS)
LaTeX Info: Redefining \lsstyle on input line 443.
LaTeX Info: Redefining \lslig on input line 451.
\MT@outer@space=\skip67
)
Package microtype Info: Loading configuration file microtype.cfg.
 (/usr/local/texlive/2025/texmf-dist/tex/latex/microtype/microtype.cfg
File: microtype.cfg 2025/02/11 v3.2a microtype main configuration file (RS)
)
LaTeX Info: Redefining \microtypesetup on input line 3065.
) (/usr/local/texlive/2025/texmf-dist/tex/latex/geometry/geometry.sty
Package: geometry 2020/01/02 v5.9 Page Geometry
 (/usr/local/texlive/2025/texmf-dist/tex/generic/iftex/ifvtex.sty
Package: ifvtex 2019/10/25 v1.7 ifvtex legacy package. Use iftex instead.
)
\Gm@cnth=\count354
\Gm@cntv=\count355
\c@Gm@tempcnt=\count356
\Gm@bindingoffset=\dimen314
\Gm@wd@mp=\dimen315
\Gm@odd@mp=\dimen316
\Gm@even@mp=\dimen317
\Gm@layoutwidth=\dimen318
\Gm@layoutheight=\dimen319
\Gm@layouthoffset=\dimen320
\Gm@layoutvoffset=\dimen321
\Gm@dimlist=\toks45
) (/usr/local/texlive/2025/texmf-dist/tex/latex/titlesec/titlesec.sty
Package: titlesec 2025/01/04 v2.17 Sectioning titles
\ttl@box=\box87
\beforetitleunit=\skip68
\aftertitleunit=\skip69
\ttl@plus=\dimen322
\ttl@minus=\dimen323
\ttl@toksa=\toks46
\titlewidth=\dimen324
\titlewidthlast=\dimen325
\titlewidthfirst=\dimen326
) (/usr/local/texlive/2025/texmf-dist/tex/latex/titlesec/titletoc.sty
Package: titletoc 2025/01/04 v2.17 TOC entries
\ttl@leftsep=\dimen327
) (/usr/local/texlive/2025/texmf-dist/tex/latex/fancyhdr/fancyhdr.sty
Package: fancyhdr 2025/02/07 v5.2 Extensive control of page headers and footers
\f@nch@headwidth=\skip70
\f@nch@offset@elh=\skip71
\f@nch@offset@erh=\skip72
\f@nch@offset@olh=\skip73
\f@nch@offset@orh=\skip74
\f@nch@offset@elf=\skip75
\f@nch@offset@erf=\skip76
\f@nch@offset@olf=\skip77
\f@nch@offset@orf=\skip78
\f@nch@height=\skip79
\f@nch@footalignment=\skip80
\f@nch@widthL=\skip81
\f@nch@widthC=\skip82
\f@nch@widthR=\skip83
\@temptokenb=\toks47
) (/usr/local/texlive/2025/texmf-dist/tex/latex/enumitem/enumitem.sty
Package: enumitem 2025/02/06 v3.11 Customized lists
\labelindent=\skip84
\enit@outerparindent=\dimen328
\enit@toks=\toks48
\enit@inbox=\box88
\enit@count@id=\count357
\enitdp@description=\count358
)
(/usr/local/texlive/2025/texmf-dist/tex/latex/datetime/datetime.sty
Package: datetime 2015/03/20 v2.60 Date Time Package
 (/usr/local/texlive/2025/texmf-dist/tex/latex/fmtcount/fmtcount.sty
Package: fmtcount 2025/02/09 v3.10 Displaying the values of LaTeX counters (NT,VB,NE)
 (/usr/local/texlive/2025/texmf-dist/tex/latex/xkeyval/xkeyval.sty
Package: xkeyval 2022/06/16 v2.9 package option processing (HA)
 (/usr/local/texlive/2025/texmf-dist/tex/generic/xkeyval/xkeyval.tex (/usr/local/texlive/2025/texmf-dist/tex/generic/xkeyval/xkvutils.tex
\XKV@toks=\toks49
\XKV@tempa@toks=\toks50
)
\XKV@depth=\count359
File: xkeyval.tex 2014/12/03 v2.7a key=value parser (HA)
)) (/usr/local/texlive/2025/texmf-dist/tex/latex/fmtcount/fcprefix.sty
Package: fcprefix 2012/09/28
 (/usr/local/texlive/2025/texmf-dist/tex/latex/fmtcount/fcnumparser.sty
Package: fcnumparser 2017/06/15
\fc@digit@counter=\count360
))
\c@padzeroesN=\count361
\fc@tmpcatcode=\count362
\@DT@modctr=\count363
\@ordinalctr=\count364
\@orgargctr=\count365
\@strctr=\count366
\@tmpstrctr=\count367
\@DT@loopN=\count368
\@DT@X=\count369
) (/usr/local/texlive/2025/texmf-dist/tex/latex/datetime/datetime-defaults.sty
Package: datetime-defaults 2013/09/10
)
\@day=\count370
\@month=\count371
\@year=\count372
\c@HOUR=\count373
\c@HOURXII=\count374
\c@MINUTE=\count375
\c@TOHOUR=\count376
\c@TOMINUTE=\count377
\c@SECOND=\count378
\currenthour=\count379
\currentminute=\count380
\currentsecond=\count381
Package datetime Info: No datetime.cfg file found, using default settings on input line 308.
\@dtctr=\count382
\dayofyear=\count383
\dayofweek=\count384
LaTeX Info: Redefining \today on input line 736.
\dt@a=\toks51
\dt@b=\toks52
) (/usr/local/texlive/2025/texmf-dist/tex/latex/fontspec/fontspec.sty (/usr/local/texlive/2025/texmf-dist/tex/latex/l3packages/xparse/xparse.sty (/usr/local/texlive/2025/texmf-dist/tex/latex/l3kernel/expl3.sty
Package: expl3 2025-01-18 L3 programming layer (loader) 
 (/usr/local/texlive/2025/texmf-dist/tex/latex/l3backend/l3backend-xetex.def
File: l3backend-xetex.def 2024-05-08 L3 backend support: XeTeX
\g__graphics_track_int=\count385
\l__pdf_internal_box=\box89
\g__pdf_backend_annotation_int=\count386
\g__pdf_backend_link_int=\count387
))
Package: xparse 2024-08-16 L3 Experimental document command parser
)
Package: fontspec 2024/05/11 v2.9e Font selection for XeLaTeX and LuaLaTeX
 (/usr/local/texlive/2025/texmf-dist/tex/latex/fontspec/fontspec-xetex.sty
Package: fontspec-xetex 2024/05/11 v2.9e Font selection for XeLaTeX and LuaLaTeX
\l__fontspec_script_int=\count388
\l__fontspec_language_int=\count389
\l__fontspec_strnum_int=\count390
\l__fontspec_tmp_int=\count391
\l__fontspec_tmpa_int=\count392
\l__fontspec_tmpb_int=\count393
\l__fontspec_tmpc_int=\count394
\l__fontspec_em_int=\count395
\l__fontspec_emdef_int=\count396
\l__fontspec_strong_int=\count397
\l__fontspec_strongdef_int=\count398
\l__fontspec_tmpa_dim=\dimen329
\l__fontspec_tmpb_dim=\dimen330
\l__fontspec_tmpc_dim=\dimen331
 (/usr/local/texlive/2025/texmf-dist/tex/latex/base/fontenc.sty
Package: fontenc 2021/04/29 v2.0v Standard LaTeX package
) (/usr/local/texlive/2025/texmf-dist/tex/latex/fontspec/fontspec.cfg)))

Package fontspec Info: 
(fontspec)             Font family 'Arial(0)' created for font 'Arial' with
(fontspec)             options [Ligatures=TeX].
(fontspec)              
(fontspec)              This font family consists of the following NFSS
(fontspec)             series/shapes:
(fontspec)              
(fontspec)             - 'normal' (m/n) with NFSS spec.:
(fontspec)             <->"Arial/OT:script=latn;language=dflt;mapping=tex-text;"
(fontspec)             - 'bold' (b/n) with NFSS spec.:
(fontspec)             <->"Arial/B/OT:script=latn;language=dflt;mapping=tex-text;"
(fontspec)             - 'italic' (m/it) with NFSS spec.:
(fontspec)             <->"Arial/I/OT:script=latn;language=dflt;mapping=tex-text;"
(fontspec)             - 'bold italic' (b/it) with NFSS spec.:
(fontspec)             <->"Arial/BI/OT:script=latn;language=dflt;mapping=tex-text;"


Package fontspec Info: 
(fontspec)             Font family 'Arial(1)' created for font 'Arial' with
(fontspec)             options [].
(fontspec)              
(fontspec)              This font family consists of the following NFSS
(fontspec)             series/shapes:
(fontspec)              
(fontspec)             - 'normal' (m/n) with NFSS spec.:
(fontspec)             <->"Arial/OT:script=latn;language=dflt;"
(fontspec)             - 'bold' (b/n) with NFSS spec.:
(fontspec)             <->"Arial/B/OT:script=latn;language=dflt;"
(fontspec)             - 'italic' (m/it) with NFSS spec.:
(fontspec)             <->"Arial/I/OT:script=latn;language=dflt;"
(fontspec)             - 'bold italic' (b/it) with NFSS spec.:
(fontspec)             <->"Arial/BI/OT:script=latn;language=dflt;"



./tudelft-report.cls:85: Package fontspec Error: 
(fontspec)                The font "Roboto Slab Light" cannot be found; this
(fontspec)                may be but usually is not a fontspec bug. Either
(fontspec)                there is a typo in the font name/file, the font is
(fontspec)                not installed (correctly), or there is a bug in
(fontspec)                the underlying font loading engine
(fontspec)                (XeTeX/luaotfload).

For immediate help type H <return>.
 ...                                              
                                                  
l.85     \newfontfamily
                       \largetitlestyle{Roboto Slab Thin}

A font might not be found for many reasons.
 Check the spelling, where the font is installed etc. etc.

 When in doubt, ask someone for help!



Package fontspec Info: 
(fontspec)             Could not resolve font "Roboto Slab Light/BI" (it
(fontspec)             probably doesn't exist).


Package fontspec Info: 
(fontspec)             Could not resolve font "Roboto Slab Light/B" (it
(fontspec)             probably doesn't exist).


Package fontspec Info: 
(fontspec)             Could not resolve font "Roboto Slab Light/I" (it
(fontspec)             probably doesn't exist).


./tudelft-report.cls:85: Package fontspec Error: 
(fontspec)                The font "Roboto Slab Light" cannot be found; this
(fontspec)                may be but usually is not a fontspec bug. Either
(fontspec)                there is a typo in the font name/file, the font is
(fontspec)                not installed (correctly), or there is a bug in
(fontspec)                the underlying font loading engine
(fontspec)                (XeTeX/luaotfload).

For immediate help type H <return>.
 ...                                              
                                                  
l.85     \newfontfamily
                       \largetitlestyle{Roboto Slab Thin}

A font might not be found for many reasons.
 Check the spelling, where the font is installed etc. etc.

 When in doubt, ask someone for help!



./tudelft-report.cls:85: Package fontspec Error: 
(fontspec)                The font "Roboto Slab Light" cannot be found; this
(fontspec)                may be but usually is not a fontspec bug. Either
(fontspec)                there is a typo in the font name/file, the font is
(fontspec)                not installed (correctly), or there is a bug in
(fontspec)                the underlying font loading engine
(fontspec)                (XeTeX/luaotfload).

For immediate help type H <return>.
 ...                                              
                                                  
l.85     \newfontfamily
                       \largetitlestyle{Roboto Slab Thin}

A font might not be found for many reasons.
 Check the spelling, where the font is installed etc. etc.

 When in doubt, ask someone for help!



Package fontspec Info: 
(fontspec)             Font family 'RobotoSlabLight(0)' created for font
(fontspec)             'Roboto Slab Light' with options [].
(fontspec)              
(fontspec)              This font family consists of the following NFSS
(fontspec)             series/shapes:
(fontspec)              
(fontspec)             - 'normal' (m/n) with NFSS spec.: <->"Roboto Slab
(fontspec)             Light"
(fontspec)             - 'small caps'  (m/sc) with NFSS spec.: <->"Roboto Slab
(fontspec)             Light"


./tudelft-report.cls:86: Package fontspec Error: 
(fontspec)                The font "Roboto Slab Thin" cannot be found; this
(fontspec)                may be but usually is not a fontspec bug. Either
(fontspec)                there is a typo in the font name/file, the font is
(fontspec)                not installed (correctly), or there is a bug in
(fontspec)                the underlying font loading engine
(fontspec)                (XeTeX/luaotfload).

For immediate help type H <return>.
 ...                                              
                                                  
l.86 \fi
        

A font might not be found for many reasons.
 Check the spelling, where the font is installed etc. etc.

 When in doubt, ask someone for help!



Package fontspec Info: 
(fontspec)             Could not resolve font "Roboto Slab Thin/BI" (it
(fontspec)             probably doesn't exist).


Package fontspec Info: 
(fontspec)             Could not resolve font "Roboto Slab Thin/B" (it
(fontspec)             probably doesn't exist).


Package fontspec Info: 
(fontspec)             Could not resolve font "Roboto Slab Thin/I" (it
(fontspec)             probably doesn't exist).


./tudelft-report.cls:86: Package fontspec Error: 
(fontspec)                The font "Roboto Slab Thin" cannot be found; this
(fontspec)                may be but usually is not a fontspec bug. Either
(fontspec)                there is a typo in the font name/file, the font is
(fontspec)                not installed (correctly), or there is a bug in
(fontspec)                the underlying font loading engine
(fontspec)                (XeTeX/luaotfload).

For immediate help type H <return>.
 ...                                              
                                                  
l.86 \fi
        

A font might not be found for many reasons.
 Check the spelling, where the font is installed etc. etc.

 When in doubt, ask someone for help!



./tudelft-report.cls:86: Package fontspec Error: 
(fontspec)                The font "Roboto Slab Thin" cannot be found; this
(fontspec)                may be but usually is not a fontspec bug. Either
(fontspec)                there is a typo in the font name/file, the font is
(fontspec)                not installed (correctly), or there is a bug in
(fontspec)                the underlying font loading engine
(fontspec)                (XeTeX/luaotfload).

For immediate help type H <return>.
 ...                                              
                                                  
l.86 \fi
        

A font might not be found for many reasons.
 Check the spelling, where the font is installed etc. etc.

 When in doubt, ask someone for help!



Package fontspec Info: 
(fontspec)             Font family 'RobotoSlabThin(0)' created for font
(fontspec)             'Roboto Slab Thin' with options [].
(fontspec)              
(fontspec)              This font family consists of the following NFSS
(fontspec)             series/shapes:
(fontspec)              
(fontspec)             - 'normal' (m/n) with NFSS spec.: <->"Roboto Slab Thin"
(fontspec)             - 'small caps'  (m/sc) with NFSS spec.: <->"Roboto Slab
(fontspec)             Thin"

(/usr/local/texlive/2025/texmf-dist/tex/latex/listings/listings.sty
\lst@mode=\count399
\lst@gtempboxa=\box90
\lst@token=\toks53
\lst@length=\count400
\lst@currlwidth=\dimen332
\lst@column=\count401
\lst@pos=\count402
\lst@lostspace=\dimen333
\lst@width=\dimen334
\lst@newlines=\count403
\lst@lineno=\count404
\lst@maxwidth=\dimen335
 (/usr/local/texlive/2025/texmf-dist/tex/latex/listings/lstpatch.sty
File: lstpatch.sty 2024/09/23 1.10c (Carsten Heinz)
) (/usr/local/texlive/2025/texmf-dist/tex/latex/listings/lstmisc.sty
File: lstmisc.sty 2024/09/23 1.10c (Carsten Heinz)
\c@lstnumber=\count405
\lst@skipnumbers=\count406
\lst@framebox=\box91
) (/usr/local/texlive/2025/texmf-dist/tex/latex/listings/listings.cfg
File: listings.cfg 2024/09/23 1.10c listings configuration
))
Package: listings 2024/09/23 1.10c (Carsten Heinz)
) (/usr/local/texlive/2025/texmf-dist/tex/latex/tools/indentfirst.sty
Package: indentfirst 2023/07/02 v1.03 Indent first paragraph (DPC)
) (/usr/local/texlive/2025/texmf-dist/tex/latex/lm/lmodern.sty
Package: lmodern 2015/05/01 v1.6.1 Latin Modern Fonts
LaTeX Font Info:    Overwriting symbol font `operators' in version `normal'
(Font)                  OT1/cmr/m/n --> OT1/lmr/m/n on input line 22.
LaTeX Font Info:    Overwriting symbol font `letters' in version `normal'
(Font)                  OML/cmm/m/it --> OML/lmm/m/it on input line 23.
LaTeX Font Info:    Overwriting symbol font `symbols' in version `normal'
(Font)                  OMS/cmsy/m/n --> OMS/lmsy/m/n on input line 24.
LaTeX Font Info:    Overwriting symbol font `largesymbols' in version `normal'
(Font)                  OMX/cmex/m/n --> OMX/lmex/m/n on input line 25.
LaTeX Font Info:    Overwriting symbol font `operators' in version `bold'
(Font)                  OT1/cmr/bx/n --> OT1/lmr/bx/n on input line 26.
LaTeX Font Info:    Overwriting symbol font `letters' in version `bold'
(Font)                  OML/cmm/b/it --> OML/lmm/b/it on input line 27.
LaTeX Font Info:    Overwriting symbol font `symbols' in version `bold'
(Font)                  OMS/cmsy/b/n --> OMS/lmsy/b/n on input line 28.
LaTeX Font Info:    Overwriting symbol font `largesymbols' in version `bold'
(Font)                  OMX/cmex/m/n --> OMX/lmex/m/n on input line 29.
LaTeX Font Info:    Overwriting math alphabet `\mathbf' in version `normal'
(Font)                  OT1/cmr/bx/n --> OT1/lmr/bx/n on input line 31.
LaTeX Font Info:    Overwriting math alphabet `\mathsf' in version `normal'
(Font)                  OT1/cmss/m/n --> OT1/lmss/m/n on input line 32.
LaTeX Font Info:    Overwriting math alphabet `\mathit' in version `normal'
(Font)                  OT1/cmr/m/it --> OT1/lmr/m/it on input line 33.
LaTeX Font Info:    Overwriting math alphabet `\mathtt' in version `normal'
(Font)                  OT1/cmtt/m/n --> OT1/lmtt/m/n on input line 34.
LaTeX Font Info:    Overwriting math alphabet `\mathbf' in version `bold'
(Font)                  OT1/cmr/bx/n --> OT1/lmr/bx/n on input line 35.
LaTeX Font Info:    Overwriting math alphabet `\mathsf' in version `bold'
(Font)                  OT1/cmss/bx/n --> OT1/lmss/bx/n on input line 36.
LaTeX Font Info:    Overwriting math alphabet `\mathit' in version `bold'
(Font)                  OT1/cmr/bx/it --> OT1/lmr/bx/it on input line 37.
LaTeX Font Info:    Overwriting math alphabet `\mathtt' in version `bold'
(Font)                  OT1/cmtt/m/n --> OT1/lmtt/m/n on input line 38.
) (/usr/local/texlive/2025/texmf-dist/tex/latex/algorithms/algorithm.sty
Invalid UTF-8 byte or sequence at line 11 replaced by U+FFFD.
Package: algorithm 2009/08/24 v0.1 Document Style `algorithm' - floating environment
\@float@every@algorithm=\toks54
\c@algorithm=\count407
) (/usr/local/texlive/2025/texmf-dist/tex/latex/algorithmicx/algpseudocode.sty
Package: algpseudocode 
 (/usr/local/texlive/2025/texmf-dist/tex/latex/algorithmicx/algorithmicx.sty
Package: algorithmicx 2005/04/27 v1.2 Algorithmicx

Document Style algorithmicx 1.2 - a greatly improved `algorithmic' style
\c@ALG@line=\count408
\c@ALG@rem=\count409
\c@ALG@nested=\count410
\ALG@tlm=\skip85
\ALG@thistlm=\skip86
\c@ALG@Lnr=\count411
\c@ALG@blocknr=\count412
\c@ALG@storecount=\count413
\c@ALG@tmpcounter=\count414
\ALG@tmplength=\skip87
)
Document Style - pseudocode environments for use with the `algorithmicx' style
) (/usr/local/texlive/2025/texmf-dist/tex/latex/algorithm2e/algorithm2e.sty
Invalid UTF-8 byte or sequence at line 284 replaced by U+FFFD.
Invalid UTF-8 byte or sequence at line 299 replaced by U+FFFD.
Invalid UTF-8 byte or sequence at line 550 replaced by U+FFFD.
Package: algorithm2e 2017/07/18 v5.2 algorithms environments
\c@AlgoLine=\count415
\algocf@hangindent=\skip88
 (/usr/local/texlive/2025/texmf-dist/tex/latex/ifoddpage/ifoddpage.sty
Package: ifoddpage 2022/10/18 v1.2 Conditionals for odd/even page detection
\c@checkoddpage=\count416
) (/usr/local/texlive/2025/texmf-dist/tex/latex/relsize/relsize.sty
Package: relsize 2013/03/29 ver 4.1
)
\skiptotal=\skip89
\skiplinenumber=\skip90
\skiprule=\skip91
\skiphlne=\skip92
\skiptext=\skip93
\skiplength=\skip94
\algomargin=\skip95
\skipalgocfslide=\skip96
\algowidth=\dimen336
\inoutsize=\dimen337
\inoutindent=\dimen338
\interspacetitleruled=\dimen339
\interspacealgoruled=\dimen340
\interspacetitleboxruled=\dimen341
\algocf@ruledwidth=\skip97
\algocf@inoutbox=\box92
\algocf@inputbox=\box93
\AlCapSkip=\skip98
\AlCapHSkip=\skip99
\algoskipindent=\skip100
\algocf@nlbox=\box94
\algocf@hangingbox=\box95
\algocf@untilbox=\box96
\algocf@skipuntil=\skip101
\algocf@capbox=\box97
\algocf@lcaptionbox=\skip102
\algoheightruledefault=\skip103
\algoheightrule=\skip104
\algotitleheightruledefault=\skip105
\algotitleheightrule=\skip106
\c@algocfline=\count417
\c@algocfproc=\count418
\c@algocf=\count419
\algocf@algoframe=\box98
\algocf@algobox=\box99


/usr/local/texlive/2025/texmf-dist/tex/latex/algorithm2e/algorithm2e.sty:2746: LaTeX Error: Command \algorithm already defined.
               Or name \end... illegal, see p.192 of the manual.

See the LaTeX manual or LaTeX Companion for explanation.
Type  H <return>  for immediate help.
 ...                                              
                                                  
l.2746 }
        %
Your command was ignored.
Type  I <command> <return>  to replace it with another command,
or  <return>  to continue without it.


/usr/local/texlive/2025/texmf-dist/tex/latex/algorithm2e/algorithm2e.sty:2754: LaTeX Error: Command \algorithm* already defined.
               Or name \end... illegal, see p.192 of the manual.

See the LaTeX manual or LaTeX Companion for explanation.
Type  H <return>  for immediate help.
 ...                                              
                                                  
l.2754 }
        %
Your command was ignored.
Type  I <command> <return>  to replace it with another command,
or  <return>  to continue without it.


/usr/local/texlive/2025/texmf-dist/tex/latex/algorithm2e/algorithm2e.sty:2761: LaTeX Error: Command \listofalgorithms already defined.
               Or name \end... illegal, see p.192 of the manual.

See the LaTeX manual or LaTeX Companion for explanation.
Type  H <return>  for immediate help.
 ...                                              
                                                  
l.2761 }
        %
Your command was ignored.
Type  I <command> <return>  to replace it with another command,
or  <return>  to continue without it.

) (/usr/local/texlive/2025/texmf-dist/tex/latex/ctex/ctex.sty
Package: ctex 2022/07/14 v2.5.10 Chinese adapter in LaTeX (CTEX)
 (/usr/local/texlive/2025/texmf-dist/tex/latex/ctex/ctexhook.sty
Package: ctexhook 2022/07/14 v2.5.10 Document and package hooks (CTEX)
) (/usr/local/texlive/2025/texmf-dist/tex/latex/ctex/ctexpatch.sty
Package: ctexpatch 2022/07/14 v2.5.10 Patching commands (CTEX)
) (/usr/local/texlive/2025/texmf-dist/tex/latex/base/fix-cm.sty
Package: fix-cm 2020/11/24 v1.1t fixes to LaTeX
 (/usr/local/texlive/2025/texmf-dist/tex/latex/base/ts1enc.def
File: ts1enc.def 2001/06/05 v3.0e (jk/car/fm) Standard LaTeX file
LaTeX Font Info:    Redeclaring font encoding TS1 on input line 47.
))
\l__ctex_tmp_int=\count420
\l__ctex_tmp_box=\box100
\l__ctex_tmp_dim=\dimen342
\g__ctex_section_depth_int=\count421
\g__ctex_font_size_int=\count422
 (/usr/local/texlive/2025/texmf-dist/tex/latex/ctex/config/ctexopts.cfg
File: ctexopts.cfg 2022/07/14 v2.5.10 Option configuration file (CTEX)
) (/usr/local/texlive/2025/texmf-dist/tex/latex/ctex/engine/ctex-engine-xetex.def
File: ctex-engine-xetex.def 2022/07/14 v2.5.10 XeLaTeX adapter (CTEX)
 (/usr/local/texlive/2025/texmf-dist/tex/xelatex/xecjk/xeCJK.sty
Package: xeCJK 2022/08/05 v3.9.1 Typesetting CJK scripts with XeLaTeX
 (/usr/local/texlive/2025/texmf-dist/tex/latex/l3packages/xtemplate/xtemplate.sty
Package: xtemplate 2024-08-16 L3 Experimental prototype document functions
)
\l__xeCJK_tmp_int=\count423
\l__xeCJK_tmp_box=\box101
\l__xeCJK_tmp_dim=\dimen343
\l__xeCJK_tmp_skip=\skip107
\g__xeCJK_space_factor_int=\count424
\l__xeCJK_begin_int=\count425
\l__xeCJK_end_int=\count426
\c__xeCJK_CJK_class_int=\XeTeXcharclass1
\c__xeCJK_FullLeft_class_int=\XeTeXcharclass2
\c__xeCJK_FullRight_class_int=\XeTeXcharclass3
\c__xeCJK_HalfLeft_class_int=\XeTeXcharclass4
\c__xeCJK_HalfRight_class_int=\XeTeXcharclass5
\c__xeCJK_NormalSpace_class_int=\XeTeXcharclass6
\c__xeCJK_CM_class_int=\XeTeXcharclass7
\c__xeCJK_HangulJamo_class_int=\XeTeXcharclass8
\l__xeCJK_last_skip=\skip108
\c__xeCJK_none_node=\count427
\g__xeCJK_node_int=\count428
\c__xeCJK_CJK_node_dim=\dimen344
\c__xeCJK_CJK-space_node_dim=\dimen345
\c__xeCJK_default_node_dim=\dimen346
\c__xeCJK_CJK-widow_node_dim=\dimen347
\c__xeCJK_normalspace_node_dim=\dimen348
\c__xeCJK_default-space_node_skip=\skip109
\l__xeCJK_ccglue_skip=\skip110
\l__xeCJK_ecglue_skip=\skip111
\l__xeCJK_punct_kern_skip=\skip112
\l__xeCJK_indent_box=\box102
\l__xeCJK_last_penalty_int=\count429
\l__xeCJK_last_bound_dim=\dimen349
\l__xeCJK_last_kern_dim=\dimen350
\l__xeCJK_widow_penalty_int=\count430

LaTeX template Info: Declaring template type 'xeCJK/punctuation' taking 0
(template)           argument(s) on line 2396.

\l__xeCJK_fixed_punct_width_dim=\dimen351
\l__xeCJK_mixed_punct_width_dim=\dimen352
\l__xeCJK_middle_punct_width_dim=\dimen353
\l__xeCJK_fixed_margin_width_dim=\dimen354
\l__xeCJK_mixed_margin_width_dim=\dimen355
\l__xeCJK_middle_margin_width_dim=\dimen356
\l__xeCJK_bound_punct_width_dim=\dimen357
\l__xeCJK_bound_margin_width_dim=\dimen358
\l__xeCJK_margin_minimum_dim=\dimen359
\l__xeCJK_kerning_total_width_dim=\dimen360
\l__xeCJK_same_align_margin_dim=\dimen361
\l__xeCJK_different_align_margin_dim=\dimen362
\l__xeCJK_kerning_margin_width_dim=\dimen363
\l__xeCJK_kerning_margin_minimum_dim=\dimen364
\l__xeCJK_bound_dim=\dimen365
\l__xeCJK_reverse_bound_dim=\dimen366
\l__xeCJK_margin_dim=\dimen367
\l__xeCJK_minimum_bound_dim=\dimen368
\l__xeCJK_kerning_margin_dim=\dimen369
\g__xeCJK_family_int=\count431
\l__xeCJK_fam_int=\count432
\g__xeCJK_fam_allocation_int=\count433
\l__xeCJK_verb_case_int=\count434
\l__xeCJK_verb_exspace_skip=\skip113
 (/usr/local/texlive/2025/texmf-dist/tex/xelatex/xecjk/xeCJK-listings.sty
Package: xeCJK-listings 2022/08/05 v3.9.1 xeCJK patch file for listings
\l__xeCJK_listings_max_char_int=\count435
\l__xeCJK_listings_flag_int=\count436
) (/usr/local/texlive/2025/texmf-dist/tex/xelatex/xecjk/xeCJK.cfg
File: xeCJK.cfg 2022/08/05 v3.9.1 Configuration file for xeCJK package
))
\ccwd=\dimen370
\l__ctex_ccglue_skip=\skip114
)
\l__ctex_ziju_dim=\dimen371
 (/usr/local/texlive/2025/texmf-dist/tex/latex/zhnumber/zhnumber.sty
Package: zhnumber 2022/07/14 v3.0 Typesetting numbers with Chinese glyphs
\l__zhnum_scale_int=\count437
\l__zhnum_tmp_int=\count438
 (/usr/local/texlive/2025/texmf-dist/tex/latex/zhnumber/zhnumber-utf8.cfg
File: zhnumber-utf8.cfg 2022/07/14 v3.0 Chinese numerals with UTF8 encoding
)) (/usr/local/texlive/2025/texmf-dist/tex/latex/ctex/scheme/ctex-scheme-chinese.def
File: ctex-scheme-chinese.def 2022/07/14 v2.5.10 Chinese scheme for generic (CTEX)
 (/usr/local/texlive/2025/texmf-dist/tex/latex/ctex/config/ctex-name-utf8.cfg
File: ctex-name-utf8.cfg 2022/07/14 v2.5.10 Caption with encoding UTF-8 (CTEX)
)) (/usr/local/texlive/2025/texmf-dist/tex/latex/ctex/fontset/ctex-fontset-mac.def
File: ctex-fontset-mac.def 2022/07/14 v2.5.10 macOS fonts definition (CTEX)
 (/usr/local/texlive/2025/texmf-dist/tex/latex/ctex/fontset/ctex-fontset-macold.def
File: ctex-fontset-macold.def 2022/07/14 v2.5.10 macOS fonts definition for Yosemite or earlier version (CTEX)

Package fontspec Info: 
(fontspec)             Script 'CJK' not explicitly supported within font
(fontspec)             'STSong'. Check the typeset output, and if it is okay
(fontspec)             then ignore this warning. Otherwise a different font
(fontspec)             should be chosen.


Package fontspec Info: 
(fontspec)             Could not resolve font "STKaiti/B" (it probably doesn't
(fontspec)             exist).


Package fontspec Info: 
(fontspec)             Could not resolve font "STHeiti/I" (it probably doesn't
(fontspec)             exist).


Package fontspec Info: 
(fontspec)             Could not resolve font "STSong/BI" (it probably doesn't
(fontspec)             exist).


Package fontspec Info: 
(fontspec)             Font family 'STSong(0)' created for font 'STSong' with
(fontspec)             options
(fontspec)             [Script={CJK},BoldFont={STHeiti},ItalicFont={STKaiti}].
(fontspec)              
(fontspec)              This font family consists of the following NFSS
(fontspec)             series/shapes:
(fontspec)              
(fontspec)             - 'normal' (m/n) with NFSS spec.:
(fontspec)             <->"STSong/OT:script=hani;language=dflt;"
(fontspec)             - 'bold' (b/n) with NFSS spec.:
(fontspec)             <->"STHeiti/OT:script=hani;language=dflt;"
(fontspec)             - 'italic' (m/it) with NFSS spec.:
(fontspec)             <->"STKaiti/OT:script=hani;language=dflt;"

))) (/usr/local/texlive/2025/texmf-dist/tex/latex/ctex/config/ctex.cfg
File: ctex.cfg 2022/07/14 v2.5.10 Configuration file (CTEX)
) (/usr/local/texlive/2025/texmf-dist/tex/latex/biblatex/biblatex.sty
Package: biblatex 2024/03/21 v3.20 programmable bibliographies (PK/MW)
 (/usr/local/texlive/2025/texmf-dist/tex/latex/logreq/logreq.sty
Package: logreq 2010/08/04 v1.0 xml request logger
\lrq@indent=\count439
 (/usr/local/texlive/2025/texmf-dist/tex/latex/logreq/logreq.def
File: logreq.def 2010/08/04 v1.0 logreq spec v1.0
))
\c@tabx@nest=\count440
\c@listtotal=\count441
\c@listcount=\count442
\c@liststart=\count443
\c@liststop=\count444
\c@citecount=\count445
\c@citetotal=\count446
\c@multicitecount=\count447
\c@multicitetotal=\count448
\c@instcount=\count449
\c@maxnames=\count450
\c@minnames=\count451
\c@maxitems=\count452
\c@minitems=\count453
\c@citecounter=\count454
\c@maxcitecounter=\count455
\c@savedcitecounter=\count456
\c@uniquelist=\count457
\c@uniquename=\count458
\c@refsection=\count459
\c@refsegment=\count460
\c@maxextratitle=\count461
\c@maxextratitleyear=\count462
\c@maxextraname=\count463
\c@maxextradate=\count464
\c@maxextraalpha=\count465
\c@abbrvpenalty=\count466
\c@highnamepenalty=\count467
\c@lownamepenalty=\count468
\c@maxparens=\count469
\c@parenlevel=\count470
\blx@tempcnta=\count471
\blx@tempcntb=\count472
\blx@tempcntc=\count473
\c@blx@maxsection=\count474
\blx@maxsegment@0=\count475
\blx@notetype=\count476
\blx@parenlevel@text=\count477
\blx@parenlevel@foot=\count478
\blx@sectionciteorder@0=\count479
\blx@sectionciteorderinternal@0=\count480
\blx@entrysetcounter=\count481
\blx@biblioinstance=\count482
\labelnumberwidth=\skip115
\labelalphawidth=\skip116
\biblabelsep=\skip117
\bibitemsep=\skip118
\bibnamesep=\skip119
\bibinitsep=\skip120
\bibparsep=\skip121
\bibhang=\skip122
\blx@bcfin=\read3
\blx@bcfout=\write4
\blx@langwohyphens=\language90
\c@mincomprange=\count483
\c@maxcomprange=\count484
\c@mincompwidth=\count485
Package biblatex Info: Trying to load biblatex default data model...
Package biblatex Info: ... file 'blx-dm.def' found.
 (/usr/local/texlive/2025/texmf-dist/tex/latex/biblatex/blx-dm.def
File: blx-dm.def 2024/03/21 v3.20 biblatex datamodel (PK/MW)
)
Package biblatex Info: Trying to load biblatex style data model...
Package biblatex Info: ... file 'numeric.dbx' not found.
Package biblatex Info: Trying to load biblatex custom data model...
Package biblatex Info: ... file 'biblatex-dm.cfg' not found.
\c@afterword=\count486
\c@savedafterword=\count487
\c@annotator=\count488
\c@savedannotator=\count489
\c@author=\count490
\c@savedauthor=\count491
\c@bookauthor=\count492
\c@savedbookauthor=\count493
\c@commentator=\count494
\c@savedcommentator=\count495
\c@editor=\count496
\c@savededitor=\count497
\c@editora=\count498
\c@savededitora=\count499
\c@editorb=\count500
\c@savededitorb=\count501
\c@editorc=\count502
\c@savededitorc=\count503
\c@foreword=\count504
\c@savedforeword=\count505
\c@holder=\count506
\c@savedholder=\count507
\c@introduction=\count508
\c@savedintroduction=\count509
\c@namea=\count510
\c@savednamea=\count511
\c@nameb=\count512
\c@savednameb=\count513
\c@namec=\count514
\c@savednamec=\count515
\c@translator=\count516
\c@savedtranslator=\count517
\c@shortauthor=\count518
\c@savedshortauthor=\count519
\c@shorteditor=\count520
\c@savedshorteditor=\count521
\c@labelname=\count522
\c@savedlabelname=\count523
\c@institution=\count524
\c@savedinstitution=\count525
\c@lista=\count526
\c@savedlista=\count527
\c@listb=\count528
\c@savedlistb=\count529
\c@listc=\count530
\c@savedlistc=\count531
\c@listd=\count532
\c@savedlistd=\count533
\c@liste=\count534
\c@savedliste=\count535
\c@listf=\count536
\c@savedlistf=\count537
\c@location=\count538
\c@savedlocation=\count539
\c@organization=\count540
\c@savedorganization=\count541
\c@origlocation=\count542
\c@savedoriglocation=\count543
\c@origpublisher=\count544
\c@savedorigpublisher=\count545
\c@publisher=\count546
\c@savedpublisher=\count547
\c@language=\count548
\c@savedlanguage=\count549
\c@origlanguage=\count550
\c@savedoriglanguage=\count551
\c@pageref=\count552
\c@savedpageref=\count553
\shorthandwidth=\skip123
\shortjournalwidth=\skip124
\shortserieswidth=\skip125
\shorttitlewidth=\skip126
\shortauthorwidth=\skip127
\shorteditorwidth=\skip128
\locallabelnumberwidth=\skip129
\locallabelalphawidth=\skip130
\localshorthandwidth=\skip131
\localshortjournalwidth=\skip132
\localshortserieswidth=\skip133
\localshorttitlewidth=\skip134
\localshortauthorwidth=\skip135
\localshorteditorwidth=\skip136
Package biblatex Info: Trying to load enhanced support for Unicode engines...
Package biblatex Info: ... file 'blx-unicode.def' found.
 (/usr/local/texlive/2025/texmf-dist/tex/latex/biblatex/blx-unicode.def)
Package biblatex Info: Trying to load compatibility code...
Package biblatex Info: ... file 'blx-compat.def' found.
 (/usr/local/texlive/2025/texmf-dist/tex/latex/biblatex/blx-compat.def
File: blx-compat.def 2024/03/21 v3.20 biblatex compatibility (PK/MW)
)
Package biblatex Info: Trying to load generic definitions...
Package biblatex Info: ... file 'biblatex.def' found.
 (/usr/local/texlive/2025/texmf-dist/tex/latex/biblatex/biblatex.def
File: biblatex.def 2024/03/21 v3.20 biblatex compatibility (PK/MW)
\c@textcitecount=\count554
\c@textcitetotal=\count555
\c@textcitemaxnames=\count556
\c@biburlbigbreakpenalty=\count557
\c@biburlbreakpenalty=\count558
\c@biburlnumpenalty=\count559
\c@biburlucpenalty=\count560
\c@biburllcpenalty=\count561
\biburlbigskip=\muskip19
\biburlnumskip=\muskip20
\biburlucskip=\muskip21
\biburllcskip=\muskip22
\c@smartand=\count562
)
Package biblatex Info: Trying to load bibliography style 'numeric'...
Package biblatex Info: ... file 'numeric.bbx' found.
 (/usr/local/texlive/2025/texmf-dist/tex/latex/biblatex/bbx/numeric.bbx
File: numeric.bbx 2024/03/21 v3.20 biblatex bibliography style (PK/MW)
Package biblatex Info: Trying to load bibliography style 'standard'...
Package biblatex Info: ... file 'standard.bbx' found.
 (/usr/local/texlive/2025/texmf-dist/tex/latex/biblatex/bbx/standard.bbx
File: standard.bbx 2024/03/21 v3.20 biblatex bibliography style (PK/MW)
\c@bbx:relatedcount=\count563
\c@bbx:relatedtotal=\count564
))
Package biblatex Info: Trying to load citation style 'numeric'...
Package biblatex Info: ... file 'numeric.cbx' found.
 (/usr/local/texlive/2025/texmf-dist/tex/latex/biblatex/cbx/numeric.cbx
File: numeric.cbx 2024/03/21 v3.20 biblatex citation style (PK/MW)
Package biblatex Info: Redefining '\cite'.
Package biblatex Info: Redefining '\parencite'.
Package biblatex Info: Redefining '\footcite'.
Package biblatex Info: Redefining '\footcitetext'.
Package biblatex Info: Redefining '\smartcite'.
Package biblatex Info: Redefining '\supercite'.
Package biblatex Info: Redefining '\textcite'.
Package biblatex Info: Redefining '\textcites'.
Package biblatex Info: Redefining '\cites'.
Package biblatex Info: Redefining '\parencites'.
Package biblatex Info: Redefining '\smartcites'.
)
Package biblatex Info: Trying to load configuration file...
Package biblatex Info: ... file 'biblatex.cfg' found.

(/usr/local/texlive/2025/texmf-dist/tex/latex/biblatex/biblatex.cfg
File: biblatex.cfg 
)
Package biblatex Info: XeTeX detected.
(biblatex)             Assuming input encoding 'utf8'.
Package biblatex Info: Document encoding is UTF8 ....
Package biblatex Info: ... and expl3
(biblatex)             2025-01-18 L3 programming layer (loader) 
(biblatex)             is new enough (at least 2020/04/06),
(biblatex)             setting 'casechanger=expl3'.
 (/usr/local/texlive/2025/texmf-dist/tex/latex/biblatex/blx-case-expl3.sty
Package: blx-case-expl3 2024/03/21 v3.20 expl3 case changing code for biblatex
))
Package translations Info: No language package found. I am going to use `english' as default language. on input line 35.
\@quotelevel=\count565
\@quotereset=\count566
 (/Users/wanglingyule/Documents/tzb/技术方案/.texpadtmp/main.aux

LaTeX Warning: Label `fig:enter-label' multiply defined.


LaTeX Warning: Label `fig:enter-label@cref' multiply defined.


LaTeX Warning: Label `fig:enter-label' multiply defined.


LaTeX Warning: Label `fig:enter-label@cref' multiply defined.

(/Users/wanglingyule/Documents/tzb/技术方案/.texpadtmp/mainmatter/tech.aux

LaTeX Warning: Label `fig:enter-label' multiply defined.


LaTeX Warning: Label `fig:enter-label@cref' multiply defined.


LaTeX Warning: Label `fig:enter-label' multiply defined.


LaTeX Warning: Label `fig:enter-label@cref' multiply defined.


LaTeX Warning: Label `fig:enter-label' multiply defined.


LaTeX Warning: Label `fig:enter-label@cref' multiply defined.


LaTeX Warning: Label `fig:enter-label' multiply defined.


LaTeX Warning: Label `fig:enter-label@cref' multiply defined.


LaTeX Warning: Label `fig:enter-label' multiply defined.


LaTeX Warning: Label `fig:enter-label@cref' multiply defined.


LaTeX Warning: Label `fig:enter-label' multiply defined.


LaTeX Warning: Label `fig:enter-label@cref' multiply defined.


LaTeX Warning: Label `fig:enter-label' multiply defined.


LaTeX Warning: Label `fig:enter-label@cref' multiply defined.


LaTeX Warning: Label `fig:enter-label' multiply defined.


LaTeX Warning: Label `fig:enter-label@cref' multiply defined.


LaTeX Warning: Label `fig:enter-label' multiply defined.


LaTeX Warning: Label `fig:enter-label@cref' multiply defined.

)

LaTeX Warning: Label `fig:enter-label' multiply defined.


LaTeX Warning: Label `fig:enter-label@cref' multiply defined.


LaTeX Warning: Label `fig:enter-label' multiply defined.


LaTeX Warning: Label `fig:enter-label@cref' multiply defined.


LaTeX Warning: Label `fig:enter-label' multiply defined.


LaTeX Warning: Label `fig:enter-label@cref' multiply defined.


LaTeX Warning: Label `fig:enter-label' multiply defined.


LaTeX Warning: Label `fig:enter-label@cref' multiply defined.


LaTeX Warning: Label `fig:enter-label' multiply defined.


LaTeX Warning: Label `fig:enter-label@cref' multiply defined.


LaTeX Warning: Label `fig:enter-label' multiply defined.


LaTeX Warning: Label `fig:enter-label@cref' multiply defined.


LaTeX Warning: Label `fig:enter-label' multiply defined.


LaTeX Warning: Label `fig:enter-label@cref' multiply defined.


LaTeX Warning: Label `fig:enter-label' multiply defined.


LaTeX Warning: Label `fig:enter-label@cref' multiply defined.


LaTeX Warning: Label `fig:enter-label' multiply defined.


LaTeX Warning: Label `fig:enter-label@cref' multiply defined.


LaTeX Warning: Label `fig:enter-label' multiply defined.


LaTeX Warning: Label `fig:enter-label@cref' multiply defined.


LaTeX Warning: Label `fig:enter-label' multiply defined.


LaTeX Warning: Label `fig:enter-label@cref' multiply defined.


LaTeX Warning: Label `fig:enter-label' multiply defined.


LaTeX Warning: Label `fig:enter-label@cref' multiply defined.


LaTeX Warning: Label `fig:enter-label' multiply defined.


LaTeX Warning: Label `fig:enter-label@cref' multiply defined.


LaTeX Warning: Label `fig:enter-label' multiply defined.


LaTeX Warning: Label `fig:enter-label@cref' multiply defined.


LaTeX Warning: Label `fig:enter-label' multiply defined.


LaTeX Warning: Label `fig:enter-label@cref' multiply defined.


LaTeX Warning: Label `fig:enter-label' multiply defined.


LaTeX Warning: Label `fig:enter-label@cref' multiply defined.


LaTeX Warning: Label `fig:enter-label' multiply defined.


LaTeX Warning: Label `fig:enter-label@cref' multiply defined.


LaTeX Warning: Label `fig:enter-label' multiply defined.


LaTeX Warning: Label `fig:enter-label@cref' multiply defined.

(/Users/wanglingyule/Documents/tzb/技术方案/.texpadtmp/mainmatter/manual.aux) (/Users/wanglingyule/Documents/tzb/技术方案/.texpadtmp/mainmatter/back.aux

LaTeX Warning: Label `fig:enter-label' multiply defined.


LaTeX Warning: Label `fig:enter-label@cref' multiply defined.

))
\openout1 = `main.aux'.

LaTeX Font Info:    Checking defaults for OML/cmm/m/it on input line 35.
LaTeX Font Info:    ... okay on input line 35.
LaTeX Font Info:    Checking defaults for OMS/cmsy/m/n on input line 35.
LaTeX Font Info:    ... okay on input line 35.
LaTeX Font Info:    Checking defaults for OT1/cmr/m/n on input line 35.
LaTeX Font Info:    ... okay on input line 35.
LaTeX Font Info:    Checking defaults for T1/cmr/m/n on input line 35.
LaTeX Font Info:    ... okay on input line 35.
LaTeX Font Info:    Checking defaults for TS1/cmr/m/n on input line 35.
LaTeX Font Info:    ... okay on input line 35.
LaTeX Font Info:    Checking defaults for TU/lmr/m/n on input line 35.
LaTeX Font Info:    ... okay on input line 35.
LaTeX Font Info:    Checking defaults for OMX/cmex/m/n on input line 35.
LaTeX Font Info:    ... okay on input line 35.
LaTeX Font Info:    Checking defaults for U/cmr/m/n on input line 35.
LaTeX Font Info:    ... okay on input line 35.
LaTeX Font Info:    Checking defaults for PD1/pdf/m/n on input line 35.
LaTeX Font Info:    ... okay on input line 35.
LaTeX Font Info:    Checking defaults for PU/pdf/m/n on input line 35.
LaTeX Font Info:    ... okay on input line 35.
 (/usr/local/texlive/2025/texmf-dist/tex/latex/translations/translations-basic-dictionary-english.trsl
File: translations-basic-dictionary-english.trsl (english translation file `translations-basic-dictionary')
)
Package translations Info: loading dictionary `translations-basic-dictionary' for `english'. on input line 35.
Package caption Info: Begin \AtBeginDocument code.
Package caption Info: hyperref package is loaded.
Package caption Info: listings package is loaded.
Package caption Info: End \AtBeginDocument code.
 (/usr/local/texlive/2025/texmf-dist/tex/latex/pdflscape/pdflscape.sty
Package: pdflscape 2022-10-27 v0.13 Display of landscape pages in PDF
 (/usr/local/texlive/2025/texmf-dist/tex/latex/pdflscape/pdflscape-nometadata.sty
Package: pdflscape-nometadata 2022-10-28 v0.13 Display of landscape pages in PDF (HO)
 (/usr/local/texlive/2025/texmf-dist/tex/latex/graphics/lscape.sty
Package: lscape 2020/05/28 v3.02 Landscape Pages (DPC)
)
Package pdflscape Info: Auto-detected driver: dvipdfm (xetex) on input line 98.
))
Package hyperref Info: Link coloring OFF on input line 35.
 (/Users/wanglingyule/Documents/tzb/技术方案/.texpadtmp/main.out) (/Users/wanglingyule/Documents/tzb/技术方案/.texpadtmp/main.out)
\@outlinefile=\write5
\openout5 = `main.out'.

LaTeX Info: Redefining \microtypecontext on input line 35.
Package microtype Info: Applying patch `item' on input line 35.
Package microtype Info: Applying patch `toc' on input line 35.
Package microtype Info: Applying patch `eqnum' on input line 35.
Package microtype Info: Applying patch `footnote' on input line 35.
Package microtype Info: Applying patch `verbatim' on input line 35.
LaTeX Info: Redefining \microtypesetup on input line 35.
Package microtype Info: Character protrusion enabled (level 2).
Package microtype Info: Using default protrusion set `alltext'.
Package microtype Info: No adjustment of tracking.
Package microtype Info: No adjustment of spacing.
Package microtype Info: No adjustment of kerning.
 (/usr/local/texlive/2025/texmf-dist/tex/latex/microtype/mt-LatinModernRoman.cfg
File: mt-LatinModernRoman.cfg 2021/02/21 v1.1 microtype config. file: Latin Modern Roman (RS)
)
*geometry* driver: auto-detecting
*geometry* detected driver: xetex
*geometry* verbose mode - [ preamble ] result:
* driver: xetex
* paper: a4paper
* layout: <same size as paper>
* layoutoffset:(h,v)=(0.0pt,0.0pt)
* modes: 
* h-part:(L,W,R)=(74.68848pt, 448.1309pt, 74.68849pt)
* v-part:(T,H,B)=(67.60269pt, 676.04005pt, 101.4041pt)
* \paperwidth=597.50787pt
* \paperheight=845.04684pt
* \textwidth=448.1309pt
* \textheight=676.04005pt
* \oddsidemargin=2.41849pt
* \evensidemargin=2.41849pt
* \topmargin=-36.54109pt
* \headheight=42.67912pt
* \headsep=19.8738pt
* \topskip=12.0pt
* \footskip=30.0pt
* \marginparwidth=47.0pt
* \marginparsep=7.0pt
* \columnsep=10.0pt
* \skip\footins=10.8pt plus 4.0pt minus 2.0pt
* \hoffset=0.0pt
* \voffset=0.0pt
* \mag=1000
* \@twocolumnfalse
* \@twosidefalse
* \@mparswitchfalse
* \@reversemarginfalse
* (1in=72.27pt=25.4mm, 1cm=28.453pt)

(/usr/local/texlive/2025/texmf-dist/tex/latex/fmtcount/fc-english.def
File: fc-english.def 2016/01/12
)
\c@lstlisting=\count567
Package biblatex Info: Trying to load language 'english'...
Package biblatex Info: ... file 'english.lbx' found.
 (/usr/local/texlive/2025/texmf-dist/tex/latex/biblatex/lbx/english.lbx
File: english.lbx 2024/03/21 v3.20 biblatex localization (PK/MW)
)
Package biblatex Info: XeTeX detected.
(biblatex)             Assuming input encoding 'utf8'.
Package biblatex Info: Automatic encoding selection.
(biblatex)             Assuming data encoding 'utf8'.
\openout4 = `main.bcf'.

Package biblatex Info: Trying to load bibliographic data...
Package biblatex Info: ... file 'main.bbl' found.
 (/Users/wanglingyule/Documents/tzb/技术方案/.texpadtmp/main.bbl)
Package biblatex Info: Reference section=0 on input line 35.
Package biblatex Info: Reference segment=0 on input line 35.
 (./frontmatter/title-report.tex
File: figures/title2.png Graphic file (type bmp)
<figures/title2.png>

Overfull \hbox (44.81581pt too wide) in paragraph at lines 11--13
 [][] 
 []

LaTeX Font Info:    Trying to load font information for OT1+lmr on input line 22.
(/usr/local/texlive/2025/texmf-dist/tex/latex/lm/ot1lmr.fd
File: ot1lmr.fd 2015/05/01 v1.6.1 Font defs for Latin Modern
)
Package microtype Info: Loading generic protrusion settings for font family
(microtype)             `lmr' (encoding: OT1).
(microtype)             For optimal results, create family-specific settings.
(microtype)             See the microtype manual for details.
LaTeX Font Info:    Trying to load font information for OML+lmm on input line 22.
 (/usr/local/texlive/2025/texmf-dist/tex/latex/lm/omllmm.fd
File: omllmm.fd 2015/05/01 v1.6.1 Font defs for Latin Modern
)
LaTeX Font Info:    Trying to load font information for OMS+lmsy on input line 22.
 (/usr/local/texlive/2025/texmf-dist/tex/latex/lm/omslmsy.fd
File: omslmsy.fd 2015/05/01 v1.6.1 Font defs for Latin Modern
)
LaTeX Font Info:    Trying to load font information for OMX+lmex on input line 22.
 (/usr/local/texlive/2025/texmf-dist/tex/latex/lm/omxlmex.fd
File: omxlmex.fd 2015/05/01 v1.6.1 Font defs for Latin Modern
)
LaTeX Font Info:    External font `lmex10' loaded for size
(Font)              <12> on input line 22.
LaTeX Font Info:    External font `lmex10' loaded for size
(Font)              <8> on input line 22.
LaTeX Font Info:    External font `lmex10' loaded for size
(Font)              <6> on input line 22.
LaTeX Font Info:    Trying to load font information for U+msa on input line 22.
 (/usr/local/texlive/2025/texmf-dist/tex/latex/amsfonts/umsa.fd
File: umsa.fd 2013/01/14 v3.01 AMS symbols A
) (/usr/local/texlive/2025/texmf-dist/tex/latex/microtype/mt-msa.cfg
File: mt-msa.cfg 2006/02/04 v1.1 microtype config. file: AMS symbols (a) (RS)
)
LaTeX Font Info:    Trying to load font information for U+msb on input line 22.
 (/usr/local/texlive/2025/texmf-dist/tex/latex/amsfonts/umsb.fd
File: umsb.fd 2013/01/14 v3.01 AMS symbols B
) (/usr/local/texlive/2025/texmf-dist/tex/latex/microtype/mt-msb.cfg
File: mt-msb.cfg 2005/06/01 v1.0 microtype config. file: AMS symbols (b) (RS)
)
Overfull \hbox (100.76991pt too wide) in paragraph at lines 19--23
 []|  $[]$ 
 []



[1


]) (./frontmatter/summary.tex)

File: figures/logo-black.png Graphic file (type bmp)
<figures/logo-black.png>
[1

] (/Users/wanglingyule/Documents/tzb/技术方案/.texpadtmp/main.toc

File: figures/logo-black.png Graphic file (type bmp)
<figures/logo-black.png>
[2

])
\tf@toc=\write6
\openout6 = `main.toc'.



LaTeX Warning: Empty bibliography on input line 42.

(./mainmatter/backgrounds.tex

./mainmatter/backgrounds.tex:1: Font TU/RobotoSlabLight(0)/m/n/12="Roboto Slab Light" at 12.0pt not loadable: Metric (TFM) file or installed font not found.
<to be read again> 
                   relax 
l.1 \chapter
            {绪论}
I wasn't able to read the size data for this font,
so I will ignore the font specification.
[Wizards can fix TFM files using TFtoPL/PLtoTF.]
You might try inserting a different font spec;
e.g., type `I\font<same font id>=<substitute font name>'.

Package microtype Info: Fixing zero \fontdimen 6 for font `TU/RobotoSlabLight(0)/m/n/12'
(microtype)             (new value: 12.0pt) on input line 1.
Package microtype Info: Loading generic protrusion settings for font family
(microtype)             `RobotoSlabLight' (encoding: TU).
(microtype)             For optimal results, create family-specific settings.
(microtype)             See the microtype manual for details.

Package microtype Warning: Unknown slot number of character
(microtype)                `\`A'
(microtype)                in font encoding `TU' in inheritance list
(microtype)                `microtype.cfg/411(protrusion)'.


Package microtype Warning: Unknown slot number of character
(microtype)                `\'A'
(microtype)                in font encoding `TU' in inheritance list
(microtype)                `microtype.cfg/411(protrusion)'.


Package microtype Warning: Unknown slot number of character
(microtype)                `\^A'
(microtype)                in font encoding `TU' in inheritance list
(microtype)                `microtype.cfg/411(protrusion)'.


Package microtype Warning: Unknown slot number of character
(microtype)                `\~A'
(microtype)                in font encoding `TU' in inheritance list
(microtype)                `microtype.cfg/411(protrusion)'.


Package microtype Warning: Unknown slot number of character
(microtype)                `\"A'
(microtype)                in font encoding `TU' in inheritance list
(microtype)                `microtype.cfg/411(protrusion)'.


Package microtype Warning: Unknown slot number of character
(microtype)                `\r A'
(microtype)                in font encoding `TU' in inheritance list
(microtype)                `microtype.cfg/411(protrusion)'.


Package microtype Warning: Unknown slot number of character
(microtype)                `\k A'
(microtype)                in font encoding `TU' in inheritance list
(microtype)                `microtype.cfg/411(protrusion)'.


Package microtype Warning: Unknown slot number of character
(microtype)                `\u A'
(microtype)                in font encoding `TU' in inheritance list
(microtype)                `microtype.cfg/411(protrusion)'.


Package microtype Warning: Unknown slot number of character
(microtype)                `\`a'
(microtype)                in font encoding `TU' in inheritance list
(microtype)                `microtype.cfg/411(protrusion)'.


Package microtype Warning: Unknown slot number of character
(microtype)                `\'a'
(microtype)                in font encoding `TU' in inheritance list
(microtype)                `microtype.cfg/411(protrusion)'.


Package microtype Warning: Unknown slot number of character
(microtype)                `\^a'
(microtype)                in font encoding `TU' in inheritance list
(microtype)                `microtype.cfg/411(protrusion)'.


Package microtype Warning: Unknown slot number of character
(microtype)                `\~a'
(microtype)                in font encoding `TU' in inheritance list
(microtype)                `microtype.cfg/411(protrusion)'.


Package microtype Warning: Unknown slot number of character
(microtype)                `\"a'
(microtype)                in font encoding `TU' in inheritance list
(microtype)                `microtype.cfg/411(protrusion)'.


Package microtype Warning: Unknown slot number of character
(microtype)                `\r a'
(microtype)                in font encoding `TU' in inheritance list
(microtype)                `microtype.cfg/411(protrusion)'.


Package microtype Warning: Unknown slot number of character
(microtype)                `\k a'
(microtype)                in font encoding `TU' in inheritance list
(microtype)                `microtype.cfg/411(protrusion)'.


Package microtype Warning: Unknown slot number of character
(microtype)                `\u a'
(microtype)                in font encoding `TU' in inheritance list
(microtype)                `microtype.cfg/411(protrusion)'.


Package microtype Warning: Unknown slot number of character
(microtype)                `\'C'
(microtype)                in font encoding `TU' in inheritance list
(microtype)                `microtype.cfg/411(protrusion)'.


Package microtype Warning: Unknown slot number of character
(microtype)                `\c C'
(microtype)                in font encoding `TU' in inheritance list
(microtype)                `microtype.cfg/411(protrusion)'.


Package microtype Warning: Unknown slot number of character
(microtype)                `\v C'
(microtype)                in font encoding `TU' in inheritance list
(microtype)                `microtype.cfg/411(protrusion)'.


Package microtype Warning: Unknown slot number of character
(microtype)                `\'c'
(microtype)                in font encoding `TU' in inheritance list
(microtype)                `microtype.cfg/411(protrusion)'.


Package microtype Warning: Unknown slot number of character
(microtype)                `\c c'
(microtype)                in font encoding `TU' in inheritance list
(microtype)                `microtype.cfg/411(protrusion)'.


Package microtype Warning: Unknown slot number of character
(microtype)                `\v c'
(microtype)                in font encoding `TU' in inheritance list
(microtype)                `microtype.cfg/411(protrusion)'.


Package microtype Warning: Unknown slot number of character
(microtype)                `\v D'
(microtype)                in font encoding `TU' in inheritance list
(microtype)                `microtype.cfg/411(protrusion)'.


Package microtype Warning: Unknown slot number of character
(microtype)                `\v d'
(microtype)                in font encoding `TU' in inheritance list
(microtype)                `microtype.cfg/411(protrusion)'.


Package microtype Warning: Unknown slot number of character
(microtype)                `\`E'
(microtype)                in font encoding `TU' in inheritance list
(microtype)                `microtype.cfg/411(protrusion)'.


Package microtype Warning: Unknown slot number of character
(microtype)                `\'E'
(microtype)                in font encoding `TU' in inheritance list
(microtype)                `microtype.cfg/411(protrusion)'.


Package microtype Warning: Unknown slot number of character
(microtype)                `\^E'
(microtype)                in font encoding `TU' in inheritance list
(microtype)                `microtype.cfg/411(protrusion)'.


Package microtype Warning: Unknown slot number of character
(microtype)                `\"E'
(microtype)                in font encoding `TU' in inheritance list
(microtype)                `microtype.cfg/411(protrusion)'.


Package microtype Warning: Unknown slot number of character
(microtype)                `\k E'
(microtype)                in font encoding `TU' in inheritance list
(microtype)                `microtype.cfg/411(protrusion)'.


Package microtype Warning: Unknown slot number of character
(microtype)                `\v E'
(microtype)                in font encoding `TU' in inheritance list
(microtype)                `microtype.cfg/411(protrusion)'.


Package microtype Warning: Unknown slot number of character
(microtype)                `\`e'
(microtype)                in font encoding `TU' in inheritance list
(microtype)                `microtype.cfg/411(protrusion)'.


Package microtype Warning: Unknown slot number of character
(microtype)                `\'e'
(microtype)                in font encoding `TU' in inheritance list
(microtype)                `microtype.cfg/411(protrusion)'.


Package microtype Warning: Unknown slot number of character
(microtype)                `\^e'
(microtype)                in font encoding `TU' in inheritance list
(microtype)                `microtype.cfg/411(protrusion)'.


Package microtype Warning: Unknown slot number of character
(microtype)                `\"e'
(microtype)                in font encoding `TU' in inheritance list
(microtype)                `microtype.cfg/411(protrusion)'.


Package microtype Warning: Unknown slot number of character
(microtype)                `\k e'
(microtype)                in font encoding `TU' in inheritance list
(microtype)                `microtype.cfg/411(protrusion)'.


Package microtype Warning: Unknown slot number of character
(microtype)                `\v e'
(microtype)                in font encoding `TU' in inheritance list
(microtype)                `microtype.cfg/411(protrusion)'.


Package microtype Warning: Unknown slot number of character
(microtype)                `\u G'
(microtype)                in font encoding `TU' in inheritance list
(microtype)                `microtype.cfg/411(protrusion)'.


Package microtype Warning: Unknown slot number of character
(microtype)                `\u g'
(microtype)                in font encoding `TU' in inheritance list
(microtype)                `microtype.cfg/411(protrusion)'.


Package microtype Warning: Unknown slot number of character
(microtype)                `\`I'
(microtype)                in font encoding `TU' in inheritance list
(microtype)                `microtype.cfg/411(protrusion)'.


Package microtype Warning: Unknown slot number of character
(microtype)                `\'I'
(microtype)                in font encoding `TU' in inheritance list
(microtype)                `microtype.cfg/411(protrusion)'.


Package microtype Warning: Unknown slot number of character
(microtype)                `\^I'
(microtype)                in font encoding `TU' in inheritance list
(microtype)                `microtype.cfg/411(protrusion)'.


Package microtype Warning: Unknown slot number of character
(microtype)                `\"I'
(microtype)                in font encoding `TU' in inheritance list
(microtype)                `microtype.cfg/411(protrusion)'.


Package microtype Warning: Unknown slot number of character
(microtype)                `\.I'
(microtype)                in font encoding `TU' in inheritance list
(microtype)                `microtype.cfg/411(protrusion)'.


Package microtype Warning: Unknown slot number of character
(microtype)                `\`i'
(microtype)                in font encoding `TU' in inheritance list
(microtype)                `microtype.cfg/411(protrusion)'.


Package microtype Warning: Unknown slot number of character
(microtype)                `\'i'
(microtype)                in font encoding `TU' in inheritance list
(microtype)                `microtype.cfg/411(protrusion)'.


Package microtype Warning: Unknown slot number of character
(microtype)                `\^i'
(microtype)                in font encoding `TU' in inheritance list
(microtype)                `microtype.cfg/411(protrusion)'.


Package microtype Warning: Unknown slot number of character
(microtype)                `\"i'
(microtype)                in font encoding `TU' in inheritance list
(microtype)                `microtype.cfg/411(protrusion)'.


Package microtype Warning: Unknown slot number of character
(microtype)                `\'L'
(microtype)                in font encoding `TU' in inheritance list
(microtype)                `microtype.cfg/411(protrusion)'.


Package microtype Warning: Unknown slot number of character
(microtype)                `\v L'
(microtype)                in font encoding `TU' in inheritance list
(microtype)                `microtype.cfg/411(protrusion)'.


Package microtype Warning: Unknown slot number of character
(microtype)                `\'l'
(microtype)                in font encoding `TU' in inheritance list
(microtype)                `microtype.cfg/411(protrusion)'.


Package microtype Warning: Unknown slot number of character
(microtype)                `\v l'
(microtype)                in font encoding `TU' in inheritance list
(microtype)                `microtype.cfg/411(protrusion)'.


Package microtype Warning: Unknown slot number of character
(microtype)                `\'N'
(microtype)                in font encoding `TU' in inheritance list
(microtype)                `microtype.cfg/411(protrusion)'.


Package microtype Warning: Unknown slot number of character
(microtype)                `\~N'
(microtype)                in font encoding `TU' in inheritance list
(microtype)                `microtype.cfg/411(protrusion)'.


Package microtype Warning: Unknown slot number of character
(microtype)                `\v N'
(microtype)                in font encoding `TU' in inheritance list
(microtype)                `microtype.cfg/411(protrusion)'.


Package microtype Warning: Unknown slot number of character
(microtype)                `\'n'
(microtype)                in font encoding `TU' in inheritance list
(microtype)                `microtype.cfg/411(protrusion)'.


Package microtype Warning: Unknown slot number of character
(microtype)                `\~n'
(microtype)                in font encoding `TU' in inheritance list
(microtype)                `microtype.cfg/411(protrusion)'.


Package microtype Warning: Unknown slot number of character
(microtype)                `\v n'
(microtype)                in font encoding `TU' in inheritance list
(microtype)                `microtype.cfg/411(protrusion)'.


Package microtype Warning: Unknown slot number of character
(microtype)                `\`O'
(microtype)                in font encoding `TU' in inheritance list
(microtype)                `microtype.cfg/411(protrusion)'.


Package microtype Warning: Unknown slot number of character
(microtype)                `\'O'
(microtype)                in font encoding `TU' in inheritance list
(microtype)                `microtype.cfg/411(protrusion)'.


Package microtype Warning: Unknown slot number of character
(microtype)                `\^O'
(microtype)                in font encoding `TU' in inheritance list
(microtype)                `microtype.cfg/411(protrusion)'.


Package microtype Warning: Unknown slot number of character
(microtype)                `\~O'
(microtype)                in font encoding `TU' in inheritance list
(microtype)                `microtype.cfg/411(protrusion)'.


Package microtype Warning: Unknown slot number of character
(microtype)                `\"O'
(microtype)                in font encoding `TU' in inheritance list
(microtype)                `microtype.cfg/411(protrusion)'.


Package microtype Warning: Unknown slot number of character
(microtype)                `\H O'
(microtype)                in font encoding `TU' in inheritance list
(microtype)                `microtype.cfg/411(protrusion)'.


Package microtype Warning: Unknown slot number of character
(microtype)                `\`o'
(microtype)                in font encoding `TU' in inheritance list
(microtype)                `microtype.cfg/411(protrusion)'.


Package microtype Warning: Unknown slot number of character
(microtype)                `\'o'
(microtype)                in font encoding `TU' in inheritance list
(microtype)                `microtype.cfg/411(protrusion)'.


Package microtype Warning: Unknown slot number of character
(microtype)                `\^o'
(microtype)                in font encoding `TU' in inheritance list
(microtype)                `microtype.cfg/411(protrusion)'.


Package microtype Warning: Unknown slot number of character
(microtype)                `\~o'
(microtype)                in font encoding `TU' in inheritance list
(microtype)                `microtype.cfg/411(protrusion)'.


Package microtype Warning: Unknown slot number of character
(microtype)                `\"o'
(microtype)                in font encoding `TU' in inheritance list
(microtype)                `microtype.cfg/411(protrusion)'.


Package microtype Warning: Unknown slot number of character
(microtype)                `\H o'
(microtype)                in font encoding `TU' in inheritance list
(microtype)                `microtype.cfg/411(protrusion)'.


Package microtype Warning: Unknown slot number of character
(microtype)                `\'R'
(microtype)                in font encoding `TU' in inheritance list
(microtype)                `microtype.cfg/411(protrusion)'.


Package microtype Warning: Unknown slot number of character
(microtype)                `\v R'
(microtype)                in font encoding `TU' in inheritance list
(microtype)                `microtype.cfg/411(protrusion)'.


Package microtype Warning: Unknown slot number of character
(microtype)                `\'r'
(microtype)                in font encoding `TU' in inheritance list
(microtype)                `microtype.cfg/411(protrusion)'.


Package microtype Warning: Unknown slot number of character
(microtype)                `\v r'
(microtype)                in font encoding `TU' in inheritance list
(microtype)                `microtype.cfg/411(protrusion)'.


Package microtype Warning: Unknown slot number of character
(microtype)                `\'S'
(microtype)                in font encoding `TU' in inheritance list
(microtype)                `microtype.cfg/411(protrusion)'.


Package microtype Warning: Unknown slot number of character
(microtype)                `\c S'
(microtype)                in font encoding `TU' in inheritance list
(microtype)                `microtype.cfg/411(protrusion)'.


Package microtype Warning: Unknown slot number of character
(microtype)                `\v S'
(microtype)                in font encoding `TU' in inheritance list
(microtype)                `microtype.cfg/411(protrusion)'.


Package microtype Warning: Unknown slot number of character
(microtype)                `\'s'
(microtype)                in font encoding `TU' in inheritance list
(microtype)                `microtype.cfg/411(protrusion)'.


Package microtype Warning: Unknown slot number of character
(microtype)                `\c s'
(microtype)                in font encoding `TU' in inheritance list
(microtype)                `microtype.cfg/411(protrusion)'.


Package microtype Warning: Unknown slot number of character
(microtype)                `\v s'
(microtype)                in font encoding `TU' in inheritance list
(microtype)                `microtype.cfg/411(protrusion)'.


Package microtype Warning: Unknown slot number of character
(microtype)                `\c T'
(microtype)                in font encoding `TU' in inheritance list
(microtype)                `microtype.cfg/411(protrusion)'.


Package microtype Warning: Unknown slot number of character
(microtype)                `\v T'
(microtype)                in font encoding `TU' in inheritance list
(microtype)                `microtype.cfg/411(protrusion)'.


Package microtype Warning: Unknown slot number of character
(microtype)                `\c t'
(microtype)                in font encoding `TU' in inheritance list
(microtype)                `microtype.cfg/411(protrusion)'.


Package microtype Warning: Unknown slot number of character
(microtype)                `\v t'
(microtype)                in font encoding `TU' in inheritance list
(microtype)                `microtype.cfg/411(protrusion)'.


Package microtype Warning: Unknown slot number of character
(microtype)                `\`U'
(microtype)                in font encoding `TU' in inheritance list
(microtype)                `microtype.cfg/411(protrusion)'.


Package microtype Warning: Unknown slot number of character
(microtype)                `\'U'
(microtype)                in font encoding `TU' in inheritance list
(microtype)                `microtype.cfg/411(protrusion)'.


Package microtype Warning: Unknown slot number of character
(microtype)                `\^U'
(microtype)                in font encoding `TU' in inheritance list
(microtype)                `microtype.cfg/411(protrusion)'.


Package microtype Warning: Unknown slot number of character
(microtype)                `\"U'
(microtype)                in font encoding `TU' in inheritance list
(microtype)                `microtype.cfg/411(protrusion)'.


Package microtype Warning: Unknown slot number of character
(microtype)                `\H U'
(microtype)                in font encoding `TU' in inheritance list
(microtype)                `microtype.cfg/411(protrusion)'.


Package microtype Warning: Unknown slot number of character
(microtype)                `\r U'
(microtype)                in font encoding `TU' in inheritance list
(microtype)                `microtype.cfg/411(protrusion)'.


Package microtype Warning: Unknown slot number of character
(microtype)                `\`u'
(microtype)                in font encoding `TU' in inheritance list
(microtype)                `microtype.cfg/411(protrusion)'.


Package microtype Warning: Unknown slot number of character
(microtype)                `\'u'
(microtype)                in font encoding `TU' in inheritance list
(microtype)                `microtype.cfg/411(protrusion)'.


Package microtype Warning: Unknown slot number of character
(microtype)                `\^u'
(microtype)                in font encoding `TU' in inheritance list
(microtype)                `microtype.cfg/411(protrusion)'.


Package microtype Warning: Unknown slot number of character
(microtype)                `\"u'
(microtype)                in font encoding `TU' in inheritance list
(microtype)                `microtype.cfg/411(protrusion)'.


Package microtype Warning: Unknown slot number of character
(microtype)                `\H u'
(microtype)                in font encoding `TU' in inheritance list
(microtype)                `microtype.cfg/411(protrusion)'.


Package microtype Warning: Unknown slot number of character
(microtype)                `\r u'
(microtype)                in font encoding `TU' in inheritance list
(microtype)                `microtype.cfg/411(protrusion)'.


Package microtype Warning: Unknown slot number of character
(microtype)                `\'Y'
(microtype)                in font encoding `TU' in inheritance list
(microtype)                `microtype.cfg/411(protrusion)'.


Package microtype Warning: Unknown slot number of character
(microtype)                `\"Y'
(microtype)                in font encoding `TU' in inheritance list
(microtype)                `microtype.cfg/411(protrusion)'.


Package microtype Warning: Unknown slot number of character
(microtype)                `\'y'
(microtype)                in font encoding `TU' in inheritance list
(microtype)                `microtype.cfg/411(protrusion)'.


Package microtype Warning: Unknown slot number of character
(microtype)                `\"y'
(microtype)                in font encoding `TU' in inheritance list
(microtype)                `microtype.cfg/411(protrusion)'.


Package microtype Warning: Unknown slot number of character
(microtype)                `\'Z'
(microtype)                in font encoding `TU' in inheritance list
(microtype)                `microtype.cfg/411(protrusion)'.


Package microtype Warning: Unknown slot number of character
(microtype)                `\.Z'
(microtype)                in font encoding `TU' in inheritance list
(microtype)                `microtype.cfg/411(protrusion)'.


Package microtype Warning: Unknown slot number of character
(microtype)                `\v Z'
(microtype)                in font encoding `TU' in inheritance list
(microtype)                `microtype.cfg/411(protrusion)'.


Package microtype Warning: Unknown slot number of character
(microtype)                `\'z'
(microtype)                in font encoding `TU' in inheritance list
(microtype)                `microtype.cfg/411(protrusion)'.


Package microtype Warning: Unknown slot number of character
(microtype)                `\.z'
(microtype)                in font encoding `TU' in inheritance list
(microtype)                `microtype.cfg/411(protrusion)'.


Package microtype Warning: Unknown slot number of character
(microtype)                `\v z'
(microtype)                in font encoding `TU' in inheritance list
(microtype)                `microtype.cfg/411(protrusion)'.

Package microtype Info: Character `A' is missing
(microtype)             in font `TU/RobotoSlabLight(0)/m/n/12'.
(microtype)             Ignoring protrusion settings for this character.
Package microtype Info: Character `F' is missing
(microtype)             in font `TU/RobotoSlabLight(0)/m/n/12'.
(microtype)             Ignoring protrusion settings for this character.
Package microtype Info: Character `J' is missing
(microtype)             in font `TU/RobotoSlabLight(0)/m/n/12'.
(microtype)             Ignoring protrusion settings for this character.
Package microtype Info: Character `K' is missing
(microtype)             in font `TU/RobotoSlabLight(0)/m/n/12'.
(microtype)             Ignoring protrusion settings for this character.
Package microtype Info: Character `L' is missing
(microtype)             in font `TU/RobotoSlabLight(0)/m/n/12'.
(microtype)             Ignoring protrusion settings for this character.
Package microtype Info: Character `T' is missing
(microtype)             in font `TU/RobotoSlabLight(0)/m/n/12'.
(microtype)             Ignoring protrusion settings for this character.
Package microtype Info: Character `V' is missing
(microtype)             in font `TU/RobotoSlabLight(0)/m/n/12'.
(microtype)             Ignoring protrusion settings for this character.
Package microtype Info: Character `W' is missing
(microtype)             in font `TU/RobotoSlabLight(0)/m/n/12'.
(microtype)             Ignoring protrusion settings for this character.
Package microtype Info: Character `X' is missing
(microtype)             in font `TU/RobotoSlabLight(0)/m/n/12'.
(microtype)             Ignoring protrusion settings for this character.
Package microtype Info: Character `Y' is missing
(microtype)             in font `TU/RobotoSlabLight(0)/m/n/12'.
(microtype)             Ignoring protrusion settings for this character.
Package microtype Info: Character `k' is missing
(microtype)             in font `TU/RobotoSlabLight(0)/m/n/12'.
(microtype)             Ignoring protrusion settings for this character.
Package microtype Info: Character `r' is missing
(microtype)             in font `TU/RobotoSlabLight(0)/m/n/12'.
(microtype)             Ignoring protrusion settings for this character.
Package microtype Info: Character `v' is missing
(microtype)             in font `TU/RobotoSlabLight(0)/m/n/12'.
(microtype)             Ignoring protrusion settings for this character.
Package microtype Info: Character `w' is missing
(microtype)             in font `TU/RobotoSlabLight(0)/m/n/12'.
(microtype)             Ignoring protrusion settings for this character.
Package microtype Info: Character `x' is missing
(microtype)             in font `TU/RobotoSlabLight(0)/m/n/12'.
(microtype)             Ignoring protrusion settings for this character.
Package microtype Info: Character `y' is missing
(microtype)             in font `TU/RobotoSlabLight(0)/m/n/12'.
(microtype)             Ignoring protrusion settings for this character.
Package microtype Info: Character `1' is missing
(microtype)             in font `TU/RobotoSlabLight(0)/m/n/12'.
(microtype)             Ignoring protrusion settings for this character.
Package microtype Info: Character `4' is missing
(microtype)             in font `TU/RobotoSlabLight(0)/m/n/12'.
(microtype)             Ignoring protrusion settings for this character.
Package microtype Info: Character `7' is missing
(microtype)             in font `TU/RobotoSlabLight(0)/m/n/12'.
(microtype)             Ignoring protrusion settings for this character.
Package microtype Info: Character `.' is missing
(microtype)             in font `TU/RobotoSlabLight(0)/m/n/12'.
(microtype)             Ignoring protrusion settings for this character.
Package microtype Info: Character `,' is missing
(microtype)             in font `TU/RobotoSlabLight(0)/m/n/12'.
(microtype)             Ignoring protrusion settings for this character.
Package microtype Info: Character `:' is missing
(microtype)             in font `TU/RobotoSlabLight(0)/m/n/12'.
(microtype)             Ignoring protrusion settings for this character.
Package microtype Info: Character `;' is missing
(microtype)             in font `TU/RobotoSlabLight(0)/m/n/12'.
(microtype)             Ignoring protrusion settings for this character.
Package microtype Info: Character `!' is missing
(microtype)             in font `TU/RobotoSlabLight(0)/m/n/12'.
(microtype)             Ignoring protrusion settings for this character.
Package microtype Info: Character `?' is missing
(microtype)             in font `TU/RobotoSlabLight(0)/m/n/12'.
(microtype)             Ignoring protrusion settings for this character.
Package microtype Info: Character `@' is missing
(microtype)             in font `TU/RobotoSlabLight(0)/m/n/12'.
(microtype)             Ignoring protrusion settings for this character.
Package microtype Info: Character `~ (= ~)' is missing
(microtype)             in font `TU/RobotoSlabLight(0)/m/n/12'.
(microtype)             Ignoring protrusion settings for this character.
Package microtype Info: Character `%' is missing
(microtype)             in font `TU/RobotoSlabLight(0)/m/n/12'.
(microtype)             Ignoring protrusion settings for this character.
Package microtype Info: Character `*' is missing
(microtype)             in font `TU/RobotoSlabLight(0)/m/n/12'.
(microtype)             Ignoring protrusion settings for this character.
Package microtype Info: Character `+' is missing
(microtype)             in font `TU/RobotoSlabLight(0)/m/n/12'.
(microtype)             Ignoring protrusion settings for this character.
Package microtype Info: Character `(' is missing
(microtype)             in font `TU/RobotoSlabLight(0)/m/n/12'.
(microtype)             Ignoring protrusion settings for this character.
Package microtype Info: Character `)' is missing
(microtype)             in font `TU/RobotoSlabLight(0)/m/n/12'.
(microtype)             Ignoring protrusion settings for this character.
Package microtype Info: Character `/' is missing
(microtype)             in font `TU/RobotoSlabLight(0)/m/n/12'.
(microtype)             Ignoring protrusion settings for this character.
Package microtype Info: Character `-' is missing
(microtype)             in font `TU/RobotoSlabLight(0)/m/n/12'.
(microtype)             Ignoring protrusion settings for this character.
./mainmatter/backgrounds.tex:1: Cannot use XeTeXglyph with nullfont; not a native platform font.
MT@get@char@unit ... z@ =hbox {MT@font XeTeXglyph 
                                                  -MT@char@ }MT@count =wd z@...
l.1 \chapter
            {绪论}

Missing character: There is no - ("2D) in font nullfont!
./mainmatter/backgrounds.tex:1: Missing number, treated as zero.
<to be read again> 
                   }
l.1 \chapter
            {绪论}
A number should have been here; I inserted `0'.
(If you can't figure out why I needed to see a number,
look up `weird error' in the index to The TeXbook.)

Package microtype Info: Character `textendash ' is missing
(microtype)             in font `TU/RobotoSlabLight(0)/m/n/12'.
(microtype)             Ignoring protrusion settings for this character.
./mainmatter/backgrounds.tex:1: Cannot use XeTeXglyph with nullfont; not a native platform font.
MT@get@char@unit ... z@ =hbox {MT@font XeTeXglyph 
                                                  -MT@char@ }MT@count =wd z@...
l.1 \chapter
            {绪论}

Missing character: There is no - ("2D) in font nullfont!
./mainmatter/backgrounds.tex:1: Missing number, treated as zero.
<to be read again> 
                   }
l.1 \chapter
            {绪论}
A number should have been here; I inserted `0'.
(If you can't figure out why I needed to see a number,
look up `weird error' in the index to The TeXbook.)

Package microtype Info: Character `textemdash ' is missing
(microtype)             in font `TU/RobotoSlabLight(0)/m/n/12'.
(microtype)             Ignoring protrusion settings for this character.
./mainmatter/backgrounds.tex:1: Cannot use XeTeXglyph with nullfont; not a native platform font.
MT@get@char@unit ... z@ =hbox {MT@font XeTeXglyph 
                                                  -MT@char@ }MT@count =wd z@...
l.1 \chapter
            {绪论}

Missing character: There is no - ("2D) in font nullfont!
./mainmatter/backgrounds.tex:1: Missing number, treated as zero.
<to be read again> 
                   }
l.1 \chapter
            {绪论}
A number should have been here; I inserted `0'.
(If you can't figure out why I needed to see a number,
look up `weird error' in the index to The TeXbook.)

Package microtype Info: Character `textquoteleft ' is missing
(microtype)             in font `TU/RobotoSlabLight(0)/m/n/12'.
(microtype)             Ignoring protrusion settings for this character.
./mainmatter/backgrounds.tex:1: Cannot use XeTeXglyph with nullfont; not a native platform font.
MT@get@char@unit ... z@ =hbox {MT@font XeTeXglyph 
                                                  -MT@char@ }MT@count =wd z@...
l.1 \chapter
            {绪论}

Missing character: There is no - ("2D) in font nullfont!
./mainmatter/backgrounds.tex:1: Missing number, treated as zero.
<to be read again> 
                   }
l.1 \chapter
            {绪论}
A number should have been here; I inserted `0'.
(If you can't figure out why I needed to see a number,
look up `weird error' in the index to The TeXbook.)

Package microtype Info: Character `textquoteright ' is missing
(microtype)             in font `TU/RobotoSlabLight(0)/m/n/12'.
(microtype)             Ignoring protrusion settings for this character.
./mainmatter/backgrounds.tex:1: Cannot use XeTeXglyph with nullfont; not a native platform font.
MT@get@char@unit ... z@ =hbox {MT@font XeTeXglyph 
                                                  -MT@char@ }MT@count =wd z@...
l.1 \chapter
            {绪论}

Missing character: There is no - ("2D) in font nullfont!
./mainmatter/backgrounds.tex:1: Missing number, treated as zero.
<to be read again> 
                   }
l.1 \chapter
            {绪论}
A number should have been here; I inserted `0'.
(If you can't figure out why I needed to see a number,
look up `weird error' in the index to The TeXbook.)

Package microtype Info: Character `textquotedblleft ' is missing
(microtype)             in font `TU/RobotoSlabLight(0)/m/n/12'.
(microtype)             Ignoring protrusion settings for this character.
./mainmatter/backgrounds.tex:1: Cannot use XeTeXglyph with nullfont; not a native platform font.
MT@get@char@unit ... z@ =hbox {MT@font XeTeXglyph 
                                                  -MT@char@ }MT@count =wd z@...
l.1 \chapter
            {绪论}

Missing character: There is no - ("2D) in font nullfont!
./mainmatter/backgrounds.tex:1: Missing number, treated as zero.
<to be read again> 
                   }
l.1 \chapter
            {绪论}
A number should have been here; I inserted `0'.
(If you can't figure out why I needed to see a number,
look up `weird error' in the index to The TeXbook.)

Package microtype Info: Character `textquotedblright ' is missing
(microtype)             in font `TU/RobotoSlabLight(0)/m/n/12'.
(microtype)             Ignoring protrusion settings for this character.
Package microtype Info: Character `AE ' is missing
(microtype)             in font `TU/RobotoSlabLight(0)/m/n/12'.
(microtype)             Ignoring protrusion settings for this character.
Package microtype Info: Character `_' is missing
(microtype)             in font `TU/RobotoSlabLight(0)/m/n/12'.
(microtype)             Ignoring protrusion settings for this character.
Package microtype Info: Character `textbackslash ' is missing
(microtype)             in font `TU/RobotoSlabLight(0)/m/n/12'.
(microtype)             Ignoring protrusion settings for this character.
Package microtype Info: Character `quotesinglbase ' is missing
(microtype)             in font `TU/RobotoSlabLight(0)/m/n/12'.
(microtype)             Ignoring protrusion settings for this character.
Package microtype Info: Character `quotedblbase ' is missing
(microtype)             in font `TU/RobotoSlabLight(0)/m/n/12'.
(microtype)             Ignoring protrusion settings for this character.
Package microtype Info: Character `guilsinglleft ' is missing
(microtype)             in font `TU/RobotoSlabLight(0)/m/n/12'.
(microtype)             Ignoring protrusion settings for this character.
Package microtype Info: Character `guilsinglright ' is missing
(microtype)             in font `TU/RobotoSlabLight(0)/m/n/12'.
(microtype)             Ignoring protrusion settings for this character.
Package microtype Info: Character `guillemotleft ' is missing
(microtype)             in font `TU/RobotoSlabLight(0)/m/n/12'.
(microtype)             Ignoring protrusion settings for this character.
Package microtype Info: Character `guillemotright ' is missing
(microtype)             in font `TU/RobotoSlabLight(0)/m/n/12'.
(microtype)             Ignoring protrusion settings for this character.
Package microtype Info: Character `textexclamdown ' is missing
(microtype)             in font `TU/RobotoSlabLight(0)/m/n/12'.
(microtype)             Ignoring protrusion settings for this character.
Package microtype Info: Character `textquestiondown ' is missing
(microtype)             in font `TU/RobotoSlabLight(0)/m/n/12'.
(microtype)             Ignoring protrusion settings for this character.
Package microtype Info: Character `textbraceleft ' is missing
(microtype)             in font `TU/RobotoSlabLight(0)/m/n/12'.
(microtype)             Ignoring protrusion settings for this character.
Package microtype Info: Character `textbraceright ' is missing
(microtype)             in font `TU/RobotoSlabLight(0)/m/n/12'.
(microtype)             Ignoring protrusion settings for this character.
Package microtype Info: Character `textless ' is missing
(microtype)             in font `TU/RobotoSlabLight(0)/m/n/12'.
(microtype)             Ignoring protrusion settings for this character.
Package microtype Info: Character `textgreater ' is missing
(microtype)             in font `TU/RobotoSlabLight(0)/m/n/12'.
(microtype)             Ignoring protrusion settings for this character.
Missing character: There is no 3 ("33) in font nullfont!
[3]
Chapter 1.
./mainmatter/backgrounds.tex:2: Font TU/RobotoSlabLight(0)/m/n/17.28="Roboto Slab Light" at 17.28pt not loadable: Metric (TFM) file or installed font not found.
<to be read again> 
                   relax 
l.2 \section{课题背景与研究意义}
                       
I wasn't able to read the size data for this font,
so I will ignore the font specification.
[Wizards can fix TFM files using TFtoPL/PLtoTF.]
You might try inserting a different font spec;
e.g., type `I\font<same font id>=<substitute font name>'.

Package microtype Info: Character `A' is missing
(microtype)             in font `TU/RobotoSlabLight(0)/m/n/17.28'.
(microtype)             Ignoring protrusion settings for this character.
Package microtype Info: Character `F' is missing
(microtype)             in font `TU/RobotoSlabLight(0)/m/n/17.28'.
(microtype)             Ignoring protrusion settings for this character.
Package microtype Info: Character `J' is missing
(microtype)             in font `TU/RobotoSlabLight(0)/m/n/17.28'.
(microtype)             Ignoring protrusion settings for this character.
Package microtype Info: Character `K' is missing
(microtype)             in font `TU/RobotoSlabLight(0)/m/n/17.28'.
(microtype)             Ignoring protrusion settings for this character.
Package microtype Info: Character `L' is missing
(microtype)             in font `TU/RobotoSlabLight(0)/m/n/17.28'.
(microtype)             Ignoring protrusion settings for this character.
Package microtype Info: Character `T' is missing
(microtype)             in font `TU/RobotoSlabLight(0)/m/n/17.28'.
(microtype)             Ignoring protrusion settings for this character.
Package microtype Info: Character `V' is missing
(microtype)             in font `TU/RobotoSlabLight(0)/m/n/17.28'.
(microtype)             Ignoring protrusion settings for this character.
Package microtype Info: Character `W' is missing
(microtype)             in font `TU/RobotoSlabLight(0)/m/n/17.28'.
(microtype)             Ignoring protrusion settings for this character.
Package microtype Info: Character `X' is missing
(microtype)             in font `TU/RobotoSlabLight(0)/m/n/17.28'.
(microtype)             Ignoring protrusion settings for this character.
Package microtype Info: Character `Y' is missing
(microtype)             in font `TU/RobotoSlabLight(0)/m/n/17.28'.
(microtype)             Ignoring protrusion settings for this character.
Package microtype Info: Character `k' is missing
(microtype)             in font `TU/RobotoSlabLight(0)/m/n/17.28'.
(microtype)             Ignoring protrusion settings for this character.
Package microtype Info: Character `r' is missing
(microtype)             in font `TU/RobotoSlabLight(0)/m/n/17.28'.
(microtype)             Ignoring protrusion settings for this character.
Package microtype Info: Character `v' is missing
(microtype)             in font `TU/RobotoSlabLight(0)/m/n/17.28'.
(microtype)             Ignoring protrusion settings for this character.
Package microtype Info: Character `w' is missing
(microtype)             in font `TU/RobotoSlabLight(0)/m/n/17.28'.
(microtype)             Ignoring protrusion settings for this character.
Package microtype Info: Character `x' is missing
(microtype)             in font `TU/RobotoSlabLight(0)/m/n/17.28'.
(microtype)             Ignoring protrusion settings for this character.
Package microtype Info: Character `y' is missing
(microtype)             in font `TU/RobotoSlabLight(0)/m/n/17.28'.
(microtype)             Ignoring protrusion settings for this character.
Package microtype Info: Character `1' is missing
(microtype)             in font `TU/RobotoSlabLight(0)/m/n/17.28'.
(microtype)             Ignoring protrusion settings for this character.
Package microtype Info: Character `4' is missing
(microtype)             in font `TU/RobotoSlabLight(0)/m/n/17.28'.
(microtype)             Ignoring protrusion settings for this character.
Package microtype Info: Character `7' is missing
(microtype)             in font `TU/RobotoSlabLight(0)/m/n/17.28'.
(microtype)             Ignoring protrusion settings for this character.
Package microtype Info: Character `.' is missing
(microtype)             in font `TU/RobotoSlabLight(0)/m/n/17.28'.
(microtype)             Ignoring protrusion settings for this character.
Package microtype Info: Character `,' is missing
(microtype)             in font `TU/RobotoSlabLight(0)/m/n/17.28'.
(microtype)             Ignoring protrusion settings for this character.
Package microtype Info: Character `:' is missing
(microtype)             in font `TU/RobotoSlabLight(0)/m/n/17.28'.
(microtype)             Ignoring protrusion settings for this character.
Package microtype Info: Character `;' is missing
(microtype)             in font `TU/RobotoSlabLight(0)/m/n/17.28'.
(microtype)             Ignoring protrusion settings for this character.
Package microtype Info: Character `!' is missing
(microtype)             in font `TU/RobotoSlabLight(0)/m/n/17.28'.
(microtype)             Ignoring protrusion settings for this character.
Package microtype Info: Character `?' is missing
(microtype)             in font `TU/RobotoSlabLight(0)/m/n/17.28'.
(microtype)             Ignoring protrusion settings for this character.
Package microtype Info: Character `@' is missing
(microtype)             in font `TU/RobotoSlabLight(0)/m/n/17.28'.
(microtype)             Ignoring protrusion settings for this character.
Package microtype Info: Character `~ (= ~)' is missing
(microtype)             in font `TU/RobotoSlabLight(0)/m/n/17.28'.
(microtype)             Ignoring protrusion settings for this character.
Package microtype Info: Character `%' is missing
(microtype)             in font `TU/RobotoSlabLight(0)/m/n/17.28'.
(microtype)             Ignoring protrusion settings for this character.
Package microtype Info: Character `*' is missing
(microtype)             in font `TU/RobotoSlabLight(0)/m/n/17.28'.
(microtype)             Ignoring protrusion settings for this character.
Package microtype Info: Character `+' is missing
(microtype)             in font `TU/RobotoSlabLight(0)/m/n/17.28'.
(microtype)             Ignoring protrusion settings for this character.
Package microtype Info: Character `(' is missing
(microtype)             in font `TU/RobotoSlabLight(0)/m/n/17.28'.
(microtype)             Ignoring protrusion settings for this character.
Package microtype Info: Character `)' is missing
(microtype)             in font `TU/RobotoSlabLight(0)/m/n/17.28'.
(microtype)             Ignoring protrusion settings for this character.
Package microtype Info: Character `/' is missing
(microtype)             in font `TU/RobotoSlabLight(0)/m/n/17.28'.
(microtype)             Ignoring protrusion settings for this character.
Package microtype Info: Character `-' is missing
(microtype)             in font `TU/RobotoSlabLight(0)/m/n/17.28'.
(microtype)             Ignoring protrusion settings for this character.
./mainmatter/backgrounds.tex:2: Cannot use XeTeXglyph with nullfont; not a native platform font.
MT@get@char@unit ... z@ =hbox {MT@font XeTeXglyph 
                                                  -MT@char@ }MT@count =wd z@...
l.2 \section{课题背景与研究意义}
                       

Missing character: There is no - ("2D) in font nullfont!
./mainmatter/backgrounds.tex:2: Missing number, treated as zero.
<to be read again> 
                   }
l.2 \section{课题背景与研究意义}
                       
A number should have been here; I inserted `0'.
(If you can't figure out why I needed to see a number,
look up `weird error' in the index to The TeXbook.)

Package microtype Info: Character `textendash ' is missing
(microtype)             in font `TU/RobotoSlabLight(0)/m/n/17.28'.
(microtype)             Ignoring protrusion settings for this character.
./mainmatter/backgrounds.tex:2: Cannot use XeTeXglyph with nullfont; not a native platform font.
MT@get@char@unit ... z@ =hbox {MT@font XeTeXglyph 
                                                  -MT@char@ }MT@count =wd z@...
l.2 \section{课题背景与研究意义}
                       

Missing character: There is no - ("2D) in font nullfont!
./mainmatter/backgrounds.tex:2: Missing number, treated as zero.
<to be read again> 
                   }
l.2 \section{课题背景与研究意义}
                       
A number should have been here; I inserted `0'.
(If you can't figure out why I needed to see a number,
look up `weird error' in the index to The TeXbook.)

Package microtype Info: Character `textemdash ' is missing
(microtype)             in font `TU/RobotoSlabLight(0)/m/n/17.28'.
(microtype)             Ignoring protrusion settings for this character.
./mainmatter/backgrounds.tex:2: Cannot use XeTeXglyph with nullfont; not a native platform font.
MT@get@char@unit ... z@ =hbox {MT@font XeTeXglyph 
                                                  -MT@char@ }MT@count =wd z@...
l.2 \section{课题背景与研究意义}
                       

Missing character: There is no - ("2D) in font nullfont!
./mainmatter/backgrounds.tex:2: Missing number, treated as zero.
<to be read again> 
                   }
l.2 \section{课题背景与研究意义}
                       
A number should have been here; I inserted `0'.
(If you can't figure out why I needed to see a number,
look up `weird error' in the index to The TeXbook.)

Package microtype Info: Character `textquoteleft ' is missing
(microtype)             in font `TU/RobotoSlabLight(0)/m/n/17.28'.
(microtype)             Ignoring protrusion settings for this character.
./mainmatter/backgrounds.tex:2: Cannot use XeTeXglyph with nullfont; not a native platform font.
MT@get@char@unit ... z@ =hbox {MT@font XeTeXglyph 
                                                  -MT@char@ }MT@count =wd z@...
l.2 \section{课题背景与研究意义}
                       

Missing character: There is no - ("2D) in font nullfont!
./mainmatter/backgrounds.tex:2: Missing number, treated as zero.
<to be read again> 
                   }
l.2 \section{课题背景与研究意义}
                       
A number should have been here; I inserted `0'.
(If you can't figure out why I needed to see a number,
look up `weird error' in the index to The TeXbook.)

Package microtype Info: Character `textquoteright ' is missing
(microtype)             in font `TU/RobotoSlabLight(0)/m/n/17.28'.
(microtype)             Ignoring protrusion settings for this character.
./mainmatter/backgrounds.tex:2: Cannot use XeTeXglyph with nullfont; not a native platform font.
MT@get@char@unit ... z@ =hbox {MT@font XeTeXglyph 
                                                  -MT@char@ }MT@count =wd z@...
l.2 \section{课题背景与研究意义}
                       

Missing character: There is no - ("2D) in font nullfont!
./mainmatter/backgrounds.tex:2: Missing number, treated as zero.
<to be read again> 
                   }
l.2 \section{课题背景与研究意义}
                       
A number should have been here; I inserted `0'.
(If you can't figure out why I needed to see a number,
look up `weird error' in the index to The TeXbook.)

Package microtype Info: Character `textquotedblleft ' is missing
(microtype)             in font `TU/RobotoSlabLight(0)/m/n/17.28'.
(microtype)             Ignoring protrusion settings for this character.
./mainmatter/backgrounds.tex:2: Cannot use XeTeXglyph with nullfont; not a native platform font.
MT@get@char@unit ... z@ =hbox {MT@font XeTeXglyph 
                                                  -MT@char@ }MT@count =wd z@...
l.2 \section{课题背景与研究意义}
                       

Missing character: There is no - ("2D) in font nullfont!
./mainmatter/backgrounds.tex:2: Missing number, treated as zero.
<to be read again> 
                   }
l.2 \section{课题背景与研究意义}
                       
A number should have been here; I inserted `0'.
(If you can't figure out why I needed to see a number,
look up `weird error' in the index to The TeXbook.)

Package microtype Info: Character `textquotedblright ' is missing
(microtype)             in font `TU/RobotoSlabLight(0)/m/n/17.28'.
(microtype)             Ignoring protrusion settings for this character.
Package microtype Info: Character `AE ' is missing
(microtype)             in font `TU/RobotoSlabLight(0)/m/n/17.28'.
(microtype)             Ignoring protrusion settings for this character.
Package microtype Info: Character `_' is missing
(microtype)             in font `TU/RobotoSlabLight(0)/m/n/17.28'.
(microtype)             Ignoring protrusion settings for this character.
Package microtype Info: Character `textbackslash ' is missing
(microtype)             in font `TU/RobotoSlabLight(0)/m/n/17.28'.
(microtype)             Ignoring protrusion settings for this character.
Package microtype Info: Character `quotesinglbase ' is missing
(microtype)             in font `TU/RobotoSlabLight(0)/m/n/17.28'.
(microtype)             Ignoring protrusion settings for this character.
Package microtype Info: Character `quotedblbase ' is missing
(microtype)             in font `TU/RobotoSlabLight(0)/m/n/17.28'.
(microtype)             Ignoring protrusion settings for this character.
Package microtype Info: Character `guilsinglleft ' is missing
(microtype)             in font `TU/RobotoSlabLight(0)/m/n/17.28'.
(microtype)             Ignoring protrusion settings for this character.
Package microtype Info: Character `guilsinglright ' is missing
(microtype)             in font `TU/RobotoSlabLight(0)/m/n/17.28'.
(microtype)             Ignoring protrusion settings for this character.
Package microtype Info: Character `guillemotleft ' is missing
(microtype)             in font `TU/RobotoSlabLight(0)/m/n/17.28'.
(microtype)             Ignoring protrusion settings for this character.
Package microtype Info: Character `guillemotright ' is missing
(microtype)             in font `TU/RobotoSlabLight(0)/m/n/17.28'.
(microtype)             Ignoring protrusion settings for this character.
Package microtype Info: Character `textexclamdown ' is missing
(microtype)             in font `TU/RobotoSlabLight(0)/m/n/17.28'.
(microtype)             Ignoring protrusion settings for this character.
Package microtype Info: Character `textquestiondown ' is missing
(microtype)             in font `TU/RobotoSlabLight(0)/m/n/17.28'.
(microtype)             Ignoring protrusion settings for this character.
Package microtype Info: Character `textbraceleft ' is missing
(microtype)             in font `TU/RobotoSlabLight(0)/m/n/17.28'.
(microtype)             Ignoring protrusion settings for this character.
Package microtype Info: Character `textbraceright ' is missing
(microtype)             in font `TU/RobotoSlabLight(0)/m/n/17.28'.
(microtype)             Ignoring protrusion settings for this character.
Package microtype Info: Character `textless ' is missing
(microtype)             in font `TU/RobotoSlabLight(0)/m/n/17.28'.
(microtype)             Ignoring protrusion settings for this character.
Package microtype Info: Character `textgreater ' is missing
(microtype)             in font `TU/RobotoSlabLight(0)/m/n/17.28'.
(microtype)             Ignoring protrusion settings for this character.

LaTeX Font Warning: Font shape `TU/RobotoSlabLight(0)/b/n' undefined
(Font)              using `TU/RobotoSlabLight(0)/m/n' instead on input line 2.

Missing character: There is no 1 ("31) in font nullfont!
Missing character: There is no . ("2E) in font nullfont!
Missing character: There is no 1 ("31) in font nullfont!
Missing character: There is no . ("2E) in font nullfont!
./mainmatter/backgrounds.tex:3: Font TU/RobotoSlabLight(0)/m/n/14.4="Roboto Slab Light" at 14.4pt not loadable: Metric (TFM) file or installed font not found.
<to be read again> 
                   relax 
l.3 \subsection{课题背景}
                     
I wasn't able to read the size data for this font,
so I will ignore the font specification.
[Wizards can fix TFM files using TFtoPL/PLtoTF.]
You might try inserting a different font spec;
e.g., type `I\font<same font id>=<substitute font name>'.

Package microtype Info: Character `A' is missing
(microtype)             in font `TU/RobotoSlabLight(0)/m/n/14.4'.
(microtype)             Ignoring protrusion settings for this character.
Package microtype Info: Character `F' is missing
(microtype)             in font `TU/RobotoSlabLight(0)/m/n/14.4'.
(microtype)             Ignoring protrusion settings for this character.
Package microtype Info: Character `J' is missing
(microtype)             in font `TU/RobotoSlabLight(0)/m/n/14.4'.
(microtype)             Ignoring protrusion settings for this character.
Package microtype Info: Character `K' is missing
(microtype)             in font `TU/RobotoSlabLight(0)/m/n/14.4'.
(microtype)             Ignoring protrusion settings for this character.
Package microtype Info: Character `L' is missing
(microtype)             in font `TU/RobotoSlabLight(0)/m/n/14.4'.
(microtype)             Ignoring protrusion settings for this character.
Package microtype Info: Character `T' is missing
(microtype)             in font `TU/RobotoSlabLight(0)/m/n/14.4'.
(microtype)             Ignoring protrusion settings for this character.
Package microtype Info: Character `V' is missing
(microtype)             in font `TU/RobotoSlabLight(0)/m/n/14.4'.
(microtype)             Ignoring protrusion settings for this character.
Package microtype Info: Character `W' is missing
(microtype)             in font `TU/RobotoSlabLight(0)/m/n/14.4'.
(microtype)             Ignoring protrusion settings for this character.
Package microtype Info: Character `X' is missing
(microtype)             in font `TU/RobotoSlabLight(0)/m/n/14.4'.
(microtype)             Ignoring protrusion settings for this character.
Package microtype Info: Character `Y' is missing
(microtype)             in font `TU/RobotoSlabLight(0)/m/n/14.4'.
(microtype)             Ignoring protrusion settings for this character.
Package microtype Info: Character `k' is missing
(microtype)             in font `TU/RobotoSlabLight(0)/m/n/14.4'.
(microtype)             Ignoring protrusion settings for this character.
Package microtype Info: Character `r' is missing
(microtype)             in font `TU/RobotoSlabLight(0)/m/n/14.4'.
(microtype)             Ignoring protrusion settings for this character.
Package microtype Info: Character `v' is missing
(microtype)             in font `TU/RobotoSlabLight(0)/m/n/14.4'.
(microtype)             Ignoring protrusion settings for this character.
Package microtype Info: Character `w' is missing
(microtype)             in font `TU/RobotoSlabLight(0)/m/n/14.4'.
(microtype)             Ignoring protrusion settings for this character.
Package microtype Info: Character `x' is missing
(microtype)             in font `TU/RobotoSlabLight(0)/m/n/14.4'.
(microtype)             Ignoring protrusion settings for this character.
Package microtype Info: Character `y' is missing
(microtype)             in font `TU/RobotoSlabLight(0)/m/n/14.4'.
(microtype)             Ignoring protrusion settings for this character.
Package microtype Info: Character `1' is missing
(microtype)             in font `TU/RobotoSlabLight(0)/m/n/14.4'.
(microtype)             Ignoring protrusion settings for this character.
Package microtype Info: Character `4' is missing
(microtype)             in font `TU/RobotoSlabLight(0)/m/n/14.4'.
(microtype)             Ignoring protrusion settings for this character.
Package microtype Info: Character `7' is missing
(microtype)             in font `TU/RobotoSlabLight(0)/m/n/14.4'.
(microtype)             Ignoring protrusion settings for this character.
Package microtype Info: Character `.' is missing
(microtype)             in font `TU/RobotoSlabLight(0)/m/n/14.4'.
(microtype)             Ignoring protrusion settings for this character.
Package microtype Info: Character `,' is missing
(microtype)             in font `TU/RobotoSlabLight(0)/m/n/14.4'.
(microtype)             Ignoring protrusion settings for this character.
Package microtype Info: Character `:' is missing
(microtype)             in font `TU/RobotoSlabLight(0)/m/n/14.4'.
(microtype)             Ignoring protrusion settings for this character.
Package microtype Info: Character `;' is missing
(microtype)             in font `TU/RobotoSlabLight(0)/m/n/14.4'.
(microtype)             Ignoring protrusion settings for this character.
Package microtype Info: Character `!' is missing
(microtype)             in font `TU/RobotoSlabLight(0)/m/n/14.4'.
(microtype)             Ignoring protrusion settings for this character.
Package microtype Info: Character `?' is missing
(microtype)             in font `TU/RobotoSlabLight(0)/m/n/14.4'.
(microtype)             Ignoring protrusion settings for this character.
Package microtype Info: Character `@' is missing
(microtype)             in font `TU/RobotoSlabLight(0)/m/n/14.4'.
(microtype)             Ignoring protrusion settings for this character.
Package microtype Info: Character `~ (= ~)' is missing
(microtype)             in font `TU/RobotoSlabLight(0)/m/n/14.4'.
(microtype)             Ignoring protrusion settings for this character.
Package microtype Info: Character `%' is missing
(microtype)             in font `TU/RobotoSlabLight(0)/m/n/14.4'.
(microtype)             Ignoring protrusion settings for this character.
Package microtype Info: Character `*' is missing
(microtype)             in font `TU/RobotoSlabLight(0)/m/n/14.4'.
(microtype)             Ignoring protrusion settings for this character.
Package microtype Info: Character `+' is missing
(microtype)             in font `TU/RobotoSlabLight(0)/m/n/14.4'.
(microtype)             Ignoring protrusion settings for this character.
Package microtype Info: Character `(' is missing
(microtype)             in font `TU/RobotoSlabLight(0)/m/n/14.4'.
(microtype)             Ignoring protrusion settings for this character.
Package microtype Info: Character `)' is missing
(microtype)             in font `TU/RobotoSlabLight(0)/m/n/14.4'.
(microtype)             Ignoring protrusion settings for this character.
Package microtype Info: Character `/' is missing
(microtype)             in font `TU/RobotoSlabLight(0)/m/n/14.4'.
(microtype)             Ignoring protrusion settings for this character.
Package microtype Info: Character `-' is missing
(microtype)             in font `TU/RobotoSlabLight(0)/m/n/14.4'.
(microtype)             Ignoring protrusion settings for this character.
./mainmatter/backgrounds.tex:3: Cannot use XeTeXglyph with nullfont; not a native platform font.
MT@get@char@unit ... z@ =hbox {MT@font XeTeXglyph 
                                                  -MT@char@ }MT@count =wd z@...
l.3 \subsection{课题背景}
                     

Missing character: There is no - ("2D) in font nullfont!
./mainmatter/backgrounds.tex:3: Missing number, treated as zero.
<to be read again> 
                   }
l.3 \subsection{课题背景}
                     
A number should have been here; I inserted `0'.
(If you can't figure out why I needed to see a number,
look up `weird error' in the index to The TeXbook.)

Package microtype Info: Character `textendash ' is missing
(microtype)             in font `TU/RobotoSlabLight(0)/m/n/14.4'.
(microtype)             Ignoring protrusion settings for this character.
./mainmatter/backgrounds.tex:3: Cannot use XeTeXglyph with nullfont; not a native platform font.
MT@get@char@unit ... z@ =hbox {MT@font XeTeXglyph 
                                                  -MT@char@ }MT@count =wd z@...
l.3 \subsection{课题背景}
                     

Missing character: There is no - ("2D) in font nullfont!
./mainmatter/backgrounds.tex:3: Missing number, treated as zero.
<to be read again> 
                   }
l.3 \subsection{课题背景}
                     
A number should have been here; I inserted `0'.
(If you can't figure out why I needed to see a number,
look up `weird error' in the index to The TeXbook.)

Package microtype Info: Character `textemdash ' is missing
(microtype)             in font `TU/RobotoSlabLight(0)/m/n/14.4'.
(microtype)             Ignoring protrusion settings for this character.
./mainmatter/backgrounds.tex:3: Cannot use XeTeXglyph with nullfont; not a native platform font.
MT@get@char@unit ... z@ =hbox {MT@font XeTeXglyph 
                                                  -MT@char@ }MT@count =wd z@...
l.3 \subsection{课题背景}
                     

Missing character: There is no - ("2D) in font nullfont!
./mainmatter/backgrounds.tex:3: Missing number, treated as zero.
<to be read again> 
                   }
l.3 \subsection{课题背景}
                     
A number should have been here; I inserted `0'.
(If you can't figure out why I needed to see a number,
look up `weird error' in the index to The TeXbook.)

Package microtype Info: Character `textquoteleft ' is missing
(microtype)             in font `TU/RobotoSlabLight(0)/m/n/14.4'.
(microtype)             Ignoring protrusion settings for this character.
./mainmatter/backgrounds.tex:3: Cannot use XeTeXglyph with nullfont; not a native platform font.
MT@get@char@unit ... z@ =hbox {MT@font XeTeXglyph 
                                                  -MT@char@ }MT@count =wd z@...
l.3 \subsection{课题背景}
                     

Missing character: There is no - ("2D) in font nullfont!
./mainmatter/backgrounds.tex:3: Missing number, treated as zero.
<to be read again> 
                   }
l.3 \subsection{课题背景}
                     
A number should have been here; I inserted `0'.
(If you can't figure out why I needed to see a number,
look up `weird error' in the index to The TeXbook.)

Package microtype Info: Character `textquoteright ' is missing
(microtype)             in font `TU/RobotoSlabLight(0)/m/n/14.4'.
(microtype)             Ignoring protrusion settings for this character.
./mainmatter/backgrounds.tex:3: Cannot use XeTeXglyph with nullfont; not a native platform font.
MT@get@char@unit ... z@ =hbox {MT@font XeTeXglyph 
                                                  -MT@char@ }MT@count =wd z@...
l.3 \subsection{课题背景}
                     

Missing character: There is no - ("2D) in font nullfont!
./mainmatter/backgrounds.tex:3: Missing number, treated as zero.
<to be read again> 
                   }
l.3 \subsection{课题背景}
                     
A number should have been here; I inserted `0'.
(If you can't figure out why I needed to see a number,
look up `weird error' in the index to The TeXbook.)

Package microtype Info: Character `textquotedblleft ' is missing
(microtype)             in font `TU/RobotoSlabLight(0)/m/n/14.4'.
(microtype)             Ignoring protrusion settings for this character.
./mainmatter/backgrounds.tex:3: Cannot use XeTeXglyph with nullfont; not a native platform font.
MT@get@char@unit ... z@ =hbox {MT@font XeTeXglyph 
                                                  -MT@char@ }MT@count =wd z@...
l.3 \subsection{课题背景}
                     

Missing character: There is no - ("2D) in font nullfont!
./mainmatter/backgrounds.tex:3: Missing number, treated as zero.
<to be read again> 
                   }
l.3 \subsection{课题背景}
                     
A number should have been here; I inserted `0'.
(If you can't figure out why I needed to see a number,
look up `weird error' in the index to The TeXbook.)

Package microtype Info: Character `textquotedblright ' is missing
(microtype)             in font `TU/RobotoSlabLight(0)/m/n/14.4'.
(microtype)             Ignoring protrusion settings for this character.
Package microtype Info: Character `AE ' is missing
(microtype)             in font `TU/RobotoSlabLight(0)/m/n/14.4'.
(microtype)             Ignoring protrusion settings for this character.
Package microtype Info: Character `_' is missing
(microtype)             in font `TU/RobotoSlabLight(0)/m/n/14.4'.
(microtype)             Ignoring protrusion settings for this character.
Package microtype Info: Character `textbackslash ' is missing
(microtype)             in font `TU/RobotoSlabLight(0)/m/n/14.4'.
(microtype)             Ignoring protrusion settings for this character.
Package microtype Info: Character `quotesinglbase ' is missing
(microtype)             in font `TU/RobotoSlabLight(0)/m/n/14.4'.
(microtype)             Ignoring protrusion settings for this character.
Package microtype Info: Character `quotedblbase ' is missing
(microtype)             in font `TU/RobotoSlabLight(0)/m/n/14.4'.
(microtype)             Ignoring protrusion settings for this character.
Package microtype Info: Character `guilsinglleft ' is missing
(microtype)             in font `TU/RobotoSlabLight(0)/m/n/14.4'.
(microtype)             Ignoring protrusion settings for this character.
Package microtype Info: Character `guilsinglright ' is missing
(microtype)             in font `TU/RobotoSlabLight(0)/m/n/14.4'.
(microtype)             Ignoring protrusion settings for this character.
Package microtype Info: Character `guillemotleft ' is missing
(microtype)             in font `TU/RobotoSlabLight(0)/m/n/14.4'.
(microtype)             Ignoring protrusion settings for this character.
Package microtype Info: Character `guillemotright ' is missing
(microtype)             in font `TU/RobotoSlabLight(0)/m/n/14.4'.
(microtype)             Ignoring protrusion settings for this character.
Package microtype Info: Character `textexclamdown ' is missing
(microtype)             in font `TU/RobotoSlabLight(0)/m/n/14.4'.
(microtype)             Ignoring protrusion settings for this character.
Package microtype Info: Character `textquestiondown ' is missing
(microtype)             in font `TU/RobotoSlabLight(0)/m/n/14.4'.
(microtype)             Ignoring protrusion settings for this character.
Package microtype Info: Character `textbraceleft ' is missing
(microtype)             in font `TU/RobotoSlabLight(0)/m/n/14.4'.
(microtype)             Ignoring protrusion settings for this character.
Package microtype Info: Character `textbraceright ' is missing
(microtype)             in font `TU/RobotoSlabLight(0)/m/n/14.4'.
(microtype)             Ignoring protrusion settings for this character.
Package microtype Info: Character `textless ' is missing
(microtype)             in font `TU/RobotoSlabLight(0)/m/n/14.4'.
(microtype)             Ignoring protrusion settings for this character.
Package microtype Info: Character `textgreater ' is missing
(microtype)             in font `TU/RobotoSlabLight(0)/m/n/14.4'.
(microtype)             Ignoring protrusion settings for this character.
./mainmatter/backgrounds.tex:3: Font TU/RobotoSlabLight(0)/b/n/14.4="Roboto Slab Light" at 14.4pt not loadable: Metric (TFM) file or installed font not found.
<to be read again> 
                   relax 
l.3 \subsection{课题背景}
                     
I wasn't able to read the size data for this font,
so I will ignore the font specification.
[Wizards can fix TFM files using TFtoPL/PLtoTF.]
You might try inserting a different font spec;
e.g., type `I\font<same font id>=<substitute font name>'.

Package microtype Info: Character `A' is missing
(microtype)             in font `TU/RobotoSlabLight(0)/b/n/14.4'.
(microtype)             Ignoring protrusion settings for this character.
Package microtype Info: Character `F' is missing
(microtype)             in font `TU/RobotoSlabLight(0)/b/n/14.4'.
(microtype)             Ignoring protrusion settings for this character.
Package microtype Info: Character `J' is missing
(microtype)             in font `TU/RobotoSlabLight(0)/b/n/14.4'.
(microtype)             Ignoring protrusion settings for this character.
Package microtype Info: Character `K' is missing
(microtype)             in font `TU/RobotoSlabLight(0)/b/n/14.4'.
(microtype)             Ignoring protrusion settings for this character.
Package microtype Info: Character `L' is missing
(microtype)             in font `TU/RobotoSlabLight(0)/b/n/14.4'.
(microtype)             Ignoring protrusion settings for this character.
Package microtype Info: Character `T' is missing
(microtype)             in font `TU/RobotoSlabLight(0)/b/n/14.4'.
(microtype)             Ignoring protrusion settings for this character.
Package microtype Info: Character `V' is missing
(microtype)             in font `TU/RobotoSlabLight(0)/b/n/14.4'.
(microtype)             Ignoring protrusion settings for this character.
Package microtype Info: Character `W' is missing
(microtype)             in font `TU/RobotoSlabLight(0)/b/n/14.4'.
(microtype)             Ignoring protrusion settings for this character.
Package microtype Info: Character `X' is missing
(microtype)             in font `TU/RobotoSlabLight(0)/b/n/14.4'.
(microtype)             Ignoring protrusion settings for this character.
Package microtype Info: Character `Y' is missing
(microtype)             in font `TU/RobotoSlabLight(0)/b/n/14.4'.
(microtype)             Ignoring protrusion settings for this character.
Package microtype Info: Character `k' is missing
(microtype)             in font `TU/RobotoSlabLight(0)/b/n/14.4'.
(microtype)             Ignoring protrusion settings for this character.
Package microtype Info: Character `r' is missing
(microtype)             in font `TU/RobotoSlabLight(0)/b/n/14.4'.
(microtype)             Ignoring protrusion settings for this character.
Package microtype Info: Character `v' is missing
(microtype)             in font `TU/RobotoSlabLight(0)/b/n/14.4'.
(microtype)             Ignoring protrusion settings for this character.
Package microtype Info: Character `w' is missing
(microtype)             in font `TU/RobotoSlabLight(0)/b/n/14.4'.
(microtype)             Ignoring protrusion settings for this character.
Package microtype Info: Character `x' is missing
(microtype)             in font `TU/RobotoSlabLight(0)/b/n/14.4'.
(microtype)             Ignoring protrusion settings for this character.
Package microtype Info: Character `y' is missing
(microtype)             in font `TU/RobotoSlabLight(0)/b/n/14.4'.
(microtype)             Ignoring protrusion settings for this character.
Package microtype Info: Character `1' is missing
(microtype)             in font `TU/RobotoSlabLight(0)/b/n/14.4'.
(microtype)             Ignoring protrusion settings for this character.
Package microtype Info: Character `4' is missing
(microtype)             in font `TU/RobotoSlabLight(0)/b/n/14.4'.
(microtype)             Ignoring protrusion settings for this character.
Package microtype Info: Character `7' is missing
(microtype)             in font `TU/RobotoSlabLight(0)/b/n/14.4'.
(microtype)             Ignoring protrusion settings for this character.
Package microtype Info: Character `.' is missing
(microtype)             in font `TU/RobotoSlabLight(0)/b/n/14.4'.
(microtype)             Ignoring protrusion settings for this character.
Package microtype Info: Character `,' is missing
(microtype)             in font `TU/RobotoSlabLight(0)/b/n/14.4'.
(microtype)             Ignoring protrusion settings for this character.
Package microtype Info: Character `:' is missing
(microtype)             in font `TU/RobotoSlabLight(0)/b/n/14.4'.
(microtype)             Ignoring protrusion settings for this character.
Package microtype Info: Character `;' is missing
(microtype)             in font `TU/RobotoSlabLight(0)/b/n/14.4'.
(microtype)             Ignoring protrusion settings for this character.
Package microtype Info: Character `!' is missing
(microtype)             in font `TU/RobotoSlabLight(0)/b/n/14.4'.
(microtype)             Ignoring protrusion settings for this character.
Package microtype Info: Character `?' is missing
(microtype)             in font `TU/RobotoSlabLight(0)/b/n/14.4'.
(microtype)             Ignoring protrusion settings for this character.
Package microtype Info: Character `@' is missing
(microtype)             in font `TU/RobotoSlabLight(0)/b/n/14.4'.
(microtype)             Ignoring protrusion settings for this character.
Package microtype Info: Character `~ (= ~)' is missing
(microtype)             in font `TU/RobotoSlabLight(0)/b/n/14.4'.
(microtype)             Ignoring protrusion settings for this character.
Package microtype Info: Character `%' is missing
(microtype)             in font `TU/RobotoSlabLight(0)/b/n/14.4'.
(microtype)             Ignoring protrusion settings for this character.
Package microtype Info: Character `*' is missing
(microtype)             in font `TU/RobotoSlabLight(0)/b/n/14.4'.
(microtype)             Ignoring protrusion settings for this character.
Package microtype Info: Character `+' is missing
(microtype)             in font `TU/RobotoSlabLight(0)/b/n/14.4'.
(microtype)             Ignoring protrusion settings for this character.
Package microtype Info: Character `(' is missing
(microtype)             in font `TU/RobotoSlabLight(0)/b/n/14.4'.
(microtype)             Ignoring protrusion settings for this character.
Package microtype Info: Character `)' is missing
(microtype)             in font `TU/RobotoSlabLight(0)/b/n/14.4'.
(microtype)             Ignoring protrusion settings for this character.
Package microtype Info: Character `/' is missing
(microtype)             in font `TU/RobotoSlabLight(0)/b/n/14.4'.
(microtype)             Ignoring protrusion settings for this character.
Package microtype Info: Character `-' is missing
(microtype)             in font `TU/RobotoSlabLight(0)/b/n/14.4'.
(microtype)             Ignoring protrusion settings for this character.
./mainmatter/backgrounds.tex:3: Cannot use XeTeXglyph with nullfont; not a native platform font.
MT@get@char@unit ... z@ =hbox {MT@font XeTeXglyph 
                                                  -MT@char@ }MT@count =wd z@...
l.3 \subsection{课题背景}
                     

Missing character: There is no - ("2D) in font nullfont!
./mainmatter/backgrounds.tex:3: Missing number, treated as zero.
<to be read again> 
                   }
l.3 \subsection{课题背景}
                     
A number should have been here; I inserted `0'.
(If you can't figure out why I needed to see a number,
look up `weird error' in the index to The TeXbook.)

Package microtype Info: Character `textendash ' is missing
(microtype)             in font `TU/RobotoSlabLight(0)/b/n/14.4'.
(microtype)             Ignoring protrusion settings for this character.
./mainmatter/backgrounds.tex:3: Cannot use XeTeXglyph with nullfont; not a native platform font.
MT@get@char@unit ... z@ =hbox {MT@font XeTeXglyph 
                                                  -MT@char@ }MT@count =wd z@...
l.3 \subsection{课题背景}
                     

Missing character: There is no - ("2D) in font nullfont!
./mainmatter/backgrounds.tex:3: Missing number, treated as zero.
<to be read again> 
                   }
l.3 \subsection{课题背景}
                     
A number should have been here; I inserted `0'.
(If you can't figure out why I needed to see a number,
look up `weird error' in the index to The TeXbook.)

Package microtype Info: Character `textemdash ' is missing
(microtype)             in font `TU/RobotoSlabLight(0)/b/n/14.4'.
(microtype)             Ignoring protrusion settings for this character.
./mainmatter/backgrounds.tex:3: Cannot use XeTeXglyph with nullfont; not a native platform font.
MT@get@char@unit ... z@ =hbox {MT@font XeTeXglyph 
                                                  -MT@char@ }MT@count =wd z@...
l.3 \subsection{课题背景}
                     

Missing character: There is no - ("2D) in font nullfont!
./mainmatter/backgrounds.tex:3: Missing number, treated as zero.
<to be read again> 
                   }
l.3 \subsection{课题背景}
                     
A number should have been here; I inserted `0'.
(If you can't figure out why I needed to see a number,
look up `weird error' in the index to The TeXbook.)

Package microtype Info: Character `textquoteleft ' is missing
(microtype)             in font `TU/RobotoSlabLight(0)/b/n/14.4'.
(microtype)             Ignoring protrusion settings for this character.
./mainmatter/backgrounds.tex:3: Cannot use XeTeXglyph with nullfont; not a native platform font.
MT@get@char@unit ... z@ =hbox {MT@font XeTeXglyph 
                                                  -MT@char@ }MT@count =wd z@...
l.3 \subsection{课题背景}
                     

Missing character: There is no - ("2D) in font nullfont!
./mainmatter/backgrounds.tex:3: Missing number, treated as zero.
<to be read again> 
                   }
l.3 \subsection{课题背景}
                     
A number should have been here; I inserted `0'.
(If you can't figure out why I needed to see a number,
look up `weird error' in the index to The TeXbook.)

Package microtype Info: Character `textquoteright ' is missing
(microtype)             in font `TU/RobotoSlabLight(0)/b/n/14.4'.
(microtype)             Ignoring protrusion settings for this character.
./mainmatter/backgrounds.tex:3: Cannot use XeTeXglyph with nullfont; not a native platform font.
MT@get@char@unit ... z@ =hbox {MT@font XeTeXglyph 
                                                  -MT@char@ }MT@count =wd z@...
l.3 \subsection{课题背景}
                     

Missing character: There is no - ("2D) in font nullfont!
./mainmatter/backgrounds.tex:3: Missing number, treated as zero.
<to be read again> 
                   }
l.3 \subsection{课题背景}
                     
A number should have been here; I inserted `0'.
(If you can't figure out why I needed to see a number,
look up `weird error' in the index to The TeXbook.)

Package microtype Info: Character `textquotedblleft ' is missing
(microtype)             in font `TU/RobotoSlabLight(0)/b/n/14.4'.
(microtype)             Ignoring protrusion settings for this character.
./mainmatter/backgrounds.tex:3: Cannot use XeTeXglyph with nullfont; not a native platform font.
MT@get@char@unit ... z@ =hbox {MT@font XeTeXglyph 
                                                  -MT@char@ }MT@count =wd z@...
l.3 \subsection{课题背景}
                     

Missing character: There is no - ("2D) in font nullfont!
./mainmatter/backgrounds.tex:3: Missing number, treated as zero.
<to be read again> 
                   }
l.3 \subsection{课题背景}
                     
A number should have been here; I inserted `0'.
(If you can't figure out why I needed to see a number,
look up `weird error' in the index to The TeXbook.)

Package microtype Info: Character `textquotedblright ' is missing
(microtype)             in font `TU/RobotoSlabLight(0)/b/n/14.4'.
(microtype)             Ignoring protrusion settings for this character.
Package microtype Info: Character `AE ' is missing
(microtype)             in font `TU/RobotoSlabLight(0)/b/n/14.4'.
(microtype)             Ignoring protrusion settings for this character.
Package microtype Info: Character `_' is missing
(microtype)             in font `TU/RobotoSlabLight(0)/b/n/14.4'.
(microtype)             Ignoring protrusion settings for this character.
Package microtype Info: Character `textbackslash ' is missing
(microtype)             in font `TU/RobotoSlabLight(0)/b/n/14.4'.
(microtype)             Ignoring protrusion settings for this character.
Package microtype Info: Character `quotesinglbase ' is missing
(microtype)             in font `TU/RobotoSlabLight(0)/b/n/14.4'.
(microtype)             Ignoring protrusion settings for this character.
Package microtype Info: Character `quotedblbase ' is missing
(microtype)             in font `TU/RobotoSlabLight(0)/b/n/14.4'.
(microtype)             Ignoring protrusion settings for this character.
Package microtype Info: Character `guilsinglleft ' is missing
(microtype)             in font `TU/RobotoSlabLight(0)/b/n/14.4'.
(microtype)             Ignoring protrusion settings for this character.
Package microtype Info: Character `guilsinglright ' is missing
(microtype)             in font `TU/RobotoSlabLight(0)/b/n/14.4'.
(microtype)             Ignoring protrusion settings for this character.
Package microtype Info: Character `guillemotleft ' is missing
(microtype)             in font `TU/RobotoSlabLight(0)/b/n/14.4'.
(microtype)             Ignoring protrusion settings for this character.
Package microtype Info: Character `guillemotright ' is missing
(microtype)             in font `TU/RobotoSlabLight(0)/b/n/14.4'.
(microtype)             Ignoring protrusion settings for this character.
Package microtype Info: Character `textexclamdown ' is missing
(microtype)             in font `TU/RobotoSlabLight(0)/b/n/14.4'.
(microtype)             Ignoring protrusion settings for this character.
Package microtype Info: Character `textquestiondown ' is missing
(microtype)             in font `TU/RobotoSlabLight(0)/b/n/14.4'.
(microtype)             Ignoring protrusion settings for this character.
Package microtype Info: Character `textbraceleft ' is missing
(microtype)             in font `TU/RobotoSlabLight(0)/b/n/14.4'.
(microtype)             Ignoring protrusion settings for this character.
Package microtype Info: Character `textbraceright ' is missing
(microtype)             in font `TU/RobotoSlabLight(0)/b/n/14.4'.
(microtype)             Ignoring protrusion settings for this character.
Package microtype Info: Character `textless ' is missing
(microtype)             in font `TU/RobotoSlabLight(0)/b/n/14.4'.
(microtype)             Ignoring protrusion settings for this character.
Package microtype Info: Character `textgreater ' is missing
(microtype)             in font `TU/RobotoSlabLight(0)/b/n/14.4'.
(microtype)             Ignoring protrusion settings for this character.
Missing character: There is no 1 ("31) in font nullfont!
Missing character: There is no . ("2E) in font nullfont!
Missing character: There is no 1 ("31) in font nullfont!
Missing character: There is no . ("2E) in font nullfont!
Missing character: There is no 1 ("31) in font nullfont!
Missing character: There is no . ("2E) in font nullfont!
Missing character: There is no 1 ("31) in font nullfont!
Missing character: There is no . ("2E) in font nullfont!
Missing character: There is no 1 ("31) in font nullfont!
Missing character: There is no . ("2E) in font nullfont!
Missing character: There is no 2 ("32) in font nullfont!
Missing character: There is no . ("2E) in font nullfont!


File: figures/logo-black.png Graphic file (type bmp)
<figures/logo-black.png>
[4

]
./mainmatter/backgrounds.tex:14: Font TU/RobotoSlabLight(0)/b/n/17.28="Roboto Slab Light" at 17.28pt not loadable: Metric (TFM) file or installed font not found.
<to be read again> 
                   relax 
l.14 \section{国内外研究现状}
                      
I wasn't able to read the size data for this font,
so I will ignore the font specification.
[Wizards can fix TFM files using TFtoPL/PLtoTF.]
You might try inserting a different font spec;
e.g., type `I\font<same font id>=<substitute font name>'.

Package microtype Info: Character `A' is missing
(microtype)             in font `TU/RobotoSlabLight(0)/b/n/17.28'.
(microtype)             Ignoring protrusion settings for this character.
Package microtype Info: Character `F' is missing
(microtype)             in font `TU/RobotoSlabLight(0)/b/n/17.28'.
(microtype)             Ignoring protrusion settings for this character.
Package microtype Info: Character `J' is missing
(microtype)             in font `TU/RobotoSlabLight(0)/b/n/17.28'.
(microtype)             Ignoring protrusion settings for this character.
Package microtype Info: Character `K' is missing
(microtype)             in font `TU/RobotoSlabLight(0)/b/n/17.28'.
(microtype)             Ignoring protrusion settings for this character.
Package microtype Info: Character `L' is missing
(microtype)             in font `TU/RobotoSlabLight(0)/b/n/17.28'.
(microtype)             Ignoring protrusion settings for this character.
Package microtype Info: Character `T' is missing
(microtype)             in font `TU/RobotoSlabLight(0)/b/n/17.28'.
(microtype)             Ignoring protrusion settings for this character.
Package microtype Info: Character `V' is missing
(microtype)             in font `TU/RobotoSlabLight(0)/b/n/17.28'.
(microtype)             Ignoring protrusion settings for this character.
Package microtype Info: Character `W' is missing
(microtype)             in font `TU/RobotoSlabLight(0)/b/n/17.28'.
(microtype)             Ignoring protrusion settings for this character.
Package microtype Info: Character `X' is missing
(microtype)             in font `TU/RobotoSlabLight(0)/b/n/17.28'.
(microtype)             Ignoring protrusion settings for this character.
Package microtype Info: Character `Y' is missing
(microtype)             in font `TU/RobotoSlabLight(0)/b/n/17.28'.
(microtype)             Ignoring protrusion settings for this character.
Package microtype Info: Character `k' is missing
(microtype)             in font `TU/RobotoSlabLight(0)/b/n/17.28'.
(microtype)             Ignoring protrusion settings for this character.
Package microtype Info: Character `r' is missing
(microtype)             in font `TU/RobotoSlabLight(0)/b/n/17.28'.
(microtype)             Ignoring protrusion settings for this character.
Package microtype Info: Character `v' is missing
(microtype)             in font `TU/RobotoSlabLight(0)/b/n/17.28'.
(microtype)             Ignoring protrusion settings for this character.
Package microtype Info: Character `w' is missing
(microtype)             in font `TU/RobotoSlabLight(0)/b/n/17.28'.
(microtype)             Ignoring protrusion settings for this character.
Package microtype Info: Character `x' is missing
(microtype)             in font `TU/RobotoSlabLight(0)/b/n/17.28'.
(microtype)             Ignoring protrusion settings for this character.
Package microtype Info: Character `y' is missing
(microtype)             in font `TU/RobotoSlabLight(0)/b/n/17.28'.
(microtype)             Ignoring protrusion settings for this character.
Package microtype Info: Character `1' is missing
(microtype)             in font `TU/RobotoSlabLight(0)/b/n/17.28'.
(microtype)             Ignoring protrusion settings for this character.
Package microtype Info: Character `4' is missing
(microtype)             in font `TU/RobotoSlabLight(0)/b/n/17.28'.
(microtype)             Ignoring protrusion settings for this character.
Package microtype Info: Character `7' is missing
(microtype)             in font `TU/RobotoSlabLight(0)/b/n/17.28'.
(microtype)             Ignoring protrusion settings for this character.
Package microtype Info: Character `.' is missing
(microtype)             in font `TU/RobotoSlabLight(0)/b/n/17.28'.
(microtype)             Ignoring protrusion settings for this character.
Package microtype Info: Character `,' is missing
(microtype)             in font `TU/RobotoSlabLight(0)/b/n/17.28'.
(microtype)             Ignoring protrusion settings for this character.
Package microtype Info: Character `:' is missing
(microtype)             in font `TU/RobotoSlabLight(0)/b/n/17.28'.
(microtype)             Ignoring protrusion settings for this character.
Package microtype Info: Character `;' is missing
(microtype)             in font `TU/RobotoSlabLight(0)/b/n/17.28'.
(microtype)             Ignoring protrusion settings for this character.
Package microtype Info: Character `!' is missing
(microtype)             in font `TU/RobotoSlabLight(0)/b/n/17.28'.
(microtype)             Ignoring protrusion settings for this character.
Package microtype Info: Character `?' is missing
(microtype)             in font `TU/RobotoSlabLight(0)/b/n/17.28'.
(microtype)             Ignoring protrusion settings for this character.
Package microtype Info: Character `@' is missing
(microtype)             in font `TU/RobotoSlabLight(0)/b/n/17.28'.
(microtype)             Ignoring protrusion settings for this character.
Package microtype Info: Character `~ (= ~)' is missing
(microtype)             in font `TU/RobotoSlabLight(0)/b/n/17.28'.
(microtype)             Ignoring protrusion settings for this character.
Package microtype Info: Character `%' is missing
(microtype)             in font `TU/RobotoSlabLight(0)/b/n/17.28'.
(microtype)             Ignoring protrusion settings for this character.
Package microtype Info: Character `*' is missing
(microtype)             in font `TU/RobotoSlabLight(0)/b/n/17.28'.
(microtype)             Ignoring protrusion settings for this character.
Package microtype Info: Character `+' is missing
(microtype)             in font `TU/RobotoSlabLight(0)/b/n/17.28'.
(microtype)             Ignoring protrusion settings for this character.
Package microtype Info: Character `(' is missing
(microtype)             in font `TU/RobotoSlabLight(0)/b/n/17.28'.
(microtype)             Ignoring protrusion settings for this character.
Package microtype Info: Character `)' is missing
(microtype)             in font `TU/RobotoSlabLight(0)/b/n/17.28'.
(microtype)             Ignoring protrusion settings for this character.
Package microtype Info: Character `/' is missing
(microtype)             in font `TU/RobotoSlabLight(0)/b/n/17.28'.
(microtype)             Ignoring protrusion settings for this character.
Package microtype Info: Character `-' is missing
(microtype)             in font `TU/RobotoSlabLight(0)/b/n/17.28'.
(microtype)             Ignoring protrusion settings for this character.
./mainmatter/backgrounds.tex:14: Cannot use XeTeXglyph with nullfont; not a native platform font.
MT@get@char@unit ... z@ =hbox {MT@font XeTeXglyph 
                                                  -MT@char@ }MT@count =wd z@...
l.14 \section{国内外研究现状}
                      

Missing character: There is no - ("2D) in font nullfont!
./mainmatter/backgrounds.tex:14: Missing number, treated as zero.
<to be read again> 
                   }
l.14 \section{国内外研究现状}
                      
A number should have been here; I inserted `0'.
(If you can't figure out why I needed to see a number,
look up `weird error' in the index to The TeXbook.)

Package microtype Info: Character `textendash ' is missing
(microtype)             in font `TU/RobotoSlabLight(0)/b/n/17.28'.
(microtype)             Ignoring protrusion settings for this character.
./mainmatter/backgrounds.tex:14: Cannot use XeTeXglyph with nullfont; not a native platform font.
MT@get@char@unit ... z@ =hbox {MT@font XeTeXglyph 
                                                  -MT@char@ }MT@count =wd z@...
l.14 \section{国内外研究现状}
                      

Missing character: There is no - ("2D) in font nullfont!
./mainmatter/backgrounds.tex:14: Missing number, treated as zero.
<to be read again> 
                   }
l.14 \section{国内外研究现状}
                      
A number should have been here; I inserted `0'.
(If you can't figure out why I needed to see a number,
look up `weird error' in the index to The TeXbook.)

Package microtype Info: Character `textemdash ' is missing
(microtype)             in font `TU/RobotoSlabLight(0)/b/n/17.28'.
(microtype)             Ignoring protrusion settings for this character.
./mainmatter/backgrounds.tex:14: Cannot use XeTeXglyph with nullfont; not a native platform font.
MT@get@char@unit ... z@ =hbox {MT@font XeTeXglyph 
                                                  -MT@char@ }MT@count =wd z@...
l.14 \section{国内外研究现状}
                      

Missing character: There is no - ("2D) in font nullfont!
./mainmatter/backgrounds.tex:14: Missing number, treated as zero.
<to be read again> 
                   }
l.14 \section{国内外研究现状}
                      
A number should have been here; I inserted `0'.
(If you can't figure out why I needed to see a number,
look up `weird error' in the index to The TeXbook.)

Package microtype Info: Character `textquoteleft ' is missing
(microtype)             in font `TU/RobotoSlabLight(0)/b/n/17.28'.
(microtype)             Ignoring protrusion settings for this character.
./mainmatter/backgrounds.tex:14: Cannot use XeTeXglyph with nullfont; not a native platform font.
MT@get@char@unit ... z@ =hbox {MT@font XeTeXglyph 
                                                  -MT@char@ }MT@count =wd z@...
l.14 \section{国内外研究现状}
                      

Missing character: There is no - ("2D) in font nullfont!
./mainmatter/backgrounds.tex:14: Missing number, treated as zero.
<to be read again> 
                   }
l.14 \section{国内外研究现状}
                      
A number should have been here; I inserted `0'.
(If you can't figure out why I needed to see a number,
look up `weird error' in the index to The TeXbook.)

Package microtype Info: Character `textquoteright ' is missing
(microtype)             in font `TU/RobotoSlabLight(0)/b/n/17.28'.
(microtype)             Ignoring protrusion settings for this character.
./mainmatter/backgrounds.tex:14: Cannot use XeTeXglyph with nullfont; not a native platform font.
MT@get@char@unit ... z@ =hbox {MT@font XeTeXglyph 
                                                  -MT@char@ }MT@count =wd z@...
l.14 \section{国内外研究现状}
                      

Missing character: There is no - ("2D) in font nullfont!
./mainmatter/backgrounds.tex:14: Missing number, treated as zero.
<to be read again> 
                   }
l.14 \section{国内外研究现状}
                      
A number should have been here; I inserted `0'.
(If you can't figure out why I needed to see a number,
look up `weird error' in the index to The TeXbook.)

Package microtype Info: Character `textquotedblleft ' is missing
(microtype)             in font `TU/RobotoSlabLight(0)/b/n/17.28'.
(microtype)             Ignoring protrusion settings for this character.
./mainmatter/backgrounds.tex:14: Cannot use XeTeXglyph with nullfont; not a native platform font.
MT@get@char@unit ... z@ =hbox {MT@font XeTeXglyph 
                                                  -MT@char@ }MT@count =wd z@...
l.14 \section{国内外研究现状}
                      

Missing character: There is no - ("2D) in font nullfont!
./mainmatter/backgrounds.tex:14: Missing number, treated as zero.
<to be read again> 
                   }
l.14 \section{国内外研究现状}
                      
A number should have been here; I inserted `0'.
(If you can't figure out why I needed to see a number,
look up `weird error' in the index to The TeXbook.)

Package microtype Info: Character `textquotedblright ' is missing
(microtype)             in font `TU/RobotoSlabLight(0)/b/n/17.28'.
(microtype)             Ignoring protrusion settings for this character.
Package microtype Info: Character `AE ' is missing
(microtype)             in font `TU/RobotoSlabLight(0)/b/n/17.28'.
(microtype)             Ignoring protrusion settings for this character.
Package microtype Info: Character `_' is missing
(microtype)             in font `TU/RobotoSlabLight(0)/b/n/17.28'.
(microtype)             Ignoring protrusion settings for this character.
Package microtype Info: Character `textbackslash ' is missing
(microtype)             in font `TU/RobotoSlabLight(0)/b/n/17.28'.
(microtype)             Ignoring protrusion settings for this character.
Package microtype Info: Character `quotesinglbase ' is missing
(microtype)             in font `TU/RobotoSlabLight(0)/b/n/17.28'.
(microtype)             Ignoring protrusion settings for this character.
Package microtype Info: Character `quotedblbase ' is missing
(microtype)             in font `TU/RobotoSlabLight(0)/b/n/17.28'.
(microtype)             Ignoring protrusion settings for this character.
Package microtype Info: Character `guilsinglleft ' is missing
(microtype)             in font `TU/RobotoSlabLight(0)/b/n/17.28'.
(microtype)             Ignoring protrusion settings for this character.
Package microtype Info: Character `guilsinglright ' is missing
(microtype)             in font `TU/RobotoSlabLight(0)/b/n/17.28'.
(microtype)             Ignoring protrusion settings for this character.
Package microtype Info: Character `guillemotleft ' is missing
(microtype)             in font `TU/RobotoSlabLight(0)/b/n/17.28'.
(microtype)             Ignoring protrusion settings for this character.
Package microtype Info: Character `guillemotright ' is missing
(microtype)             in font `TU/RobotoSlabLight(0)/b/n/17.28'.
(microtype)             Ignoring protrusion settings for this character.
Package microtype Info: Character `textexclamdown ' is missing
(microtype)             in font `TU/RobotoSlabLight(0)/b/n/17.28'.
(microtype)             Ignoring protrusion settings for this character.
Package microtype Info: Character `textquestiondown ' is missing
(microtype)             in font `TU/RobotoSlabLight(0)/b/n/17.28'.
(microtype)             Ignoring protrusion settings for this character.
Package microtype Info: Character `textbraceleft ' is missing
(microtype)             in font `TU/RobotoSlabLight(0)/b/n/17.28'.
(microtype)             Ignoring protrusion settings for this character.
Package microtype Info: Character `textbraceright ' is missing
(microtype)             in font `TU/RobotoSlabLight(0)/b/n/17.28'.
(microtype)             Ignoring protrusion settings for this character.
Package microtype Info: Character `textless ' is missing
(microtype)             in font `TU/RobotoSlabLight(0)/b/n/17.28'.
(microtype)             Ignoring protrusion settings for this character.
Package microtype Info: Character `textgreater ' is missing
(microtype)             in font `TU/RobotoSlabLight(0)/b/n/17.28'.
(microtype)             Ignoring protrusion settings for this character.
Missing character: There is no 1 ("31) in font nullfont!
Missing character: There is no . ("2E) in font nullfont!
Missing character: There is no 2 ("32) in font nullfont!
Missing character: There is no . ("2E) in font nullfont!
Missing character: There is no 1 ("31) in font nullfont!
Missing character: There is no . ("2E) in font nullfont!
Missing character: There is no 2 ("32) in font nullfont!
Missing character: There is no . ("2E) in font nullfont!
Missing character: There is no 1 ("31) in font nullfont!
Missing character: There is no . ("2E) in font nullfont!
File: figures/国内1.png Graphic file (type bmp)
<figures/国内1.png>
Missing character: There is no 1 ("31) in font nullfont!
Missing character: There is no . ("2E) in font nullfont!
Missing character: There is no 2 ("32) in font nullfont!
Missing character: There is no . ("2E) in font nullfont!
Missing character: There is no 2 ("32) in font nullfont!
Missing character: There is no . ("2E) in font nullfont!


Missing character: There is no 1 ("31) in font nullfont!
Missing character: There is no . ("2E) in font nullfont!
Missing character: There is no 2 ("32) in font nullfont!
Missing character: There is no . ("2E) in font nullfont!
Missing character: There is no 5 ("35) in font nullfont!
[5]
File: figures/国外1.png Graphic file (type bmp)
<figures/国外1.png>
)

Missing character: There is no 1 ("31) in font nullfont!
Missing character: There is no . ("2E) in font nullfont!
Missing character: There is no 2 ("32) in font nullfont!
Missing character: There is no . ("2E) in font nullfont!
Missing character: There is no 6 ("36) in font nullfont!
[6]

Missing character: There is no 1 ("31) in font nullfont!
Missing character: There is no . ("2E) in font nullfont!
Missing character: There is no 2 ("32) in font nullfont!
Missing character: There is no . ("2E) in font nullfont!
Missing character: There is no 7 ("37) in font nullfont!
[7]
\openout2 = `mainmatter/tech.aux'.

 (./mainmatter/tech.tex
Chapter 2.
Missing character: There is no 2 ("32) in font nullfont!
Missing character: There is no . ("2E) in font nullfont!
Missing character: There is no 1 ("31) in font nullfont!
Missing character: There is no . ("2E) in font nullfont!
Missing character: There is no n ("6E) in font nullfont!
Missing character: There is no 8 ("38) in font nullfont!
Missing character: There is no n ("6E) in font nullfont!
File: figures/n8n.png Graphic file (type bmp)
<figures/n8n.png>


File: figures/logo-black.png Graphic file (type bmp)
<figures/logo-black.png>
[8


]
Missing character: There is no 2 ("32) in font nullfont!
Missing character: There is no . ("2E) in font nullfont!
Missing character: There is no 2 ("32) in font nullfont!
Missing character: There is no . ("2E) in font nullfont!
Missing character: There is no d ("64) in font nullfont!
Missing character: There is no e ("65) in font nullfont!
Missing character: There is no e ("65) in font nullfont!
Missing character: There is no p ("70) in font nullfont!
Missing character: There is no s ("73) in font nullfont!
Missing character: There is no e ("65) in font nullfont!
Missing character: There is no e ("65) in font nullfont!
Missing character: There is no k ("6B) in font nullfont!
File: figures/deepseek.png Graphic file (type bmp)
<figures/deepseek.png>


Missing character: There is no 2 ("32) in font nullfont!
Missing character: There is no . ("2E) in font nullfont!
Missing character: There is no 2 ("32) in font nullfont!
Missing character: There is no . ("2E) in font nullfont!
Missing character: There is no d ("64) in font nullfont!
Missing character: There is no e ("65) in font nullfont!
Missing character: There is no e ("65) in font nullfont!
Missing character: There is no p ("70) in font nullfont!
Missing character: There is no s ("73) in font nullfont!
Missing character: There is no e ("65) in font nullfont!
Missing character: There is no e ("65) in font nullfont!
Missing character: There is no k ("6B) in font nullfont!
Missing character: There is no 9 ("39) in font nullfont!
[9]
Missing character: There is no 2 ("32) in font nullfont!
Missing character: There is no . ("2E) in font nullfont!
Missing character: There is no 3 ("33) in font nullfont!
Missing character: There is no . ("2E) in font nullfont!
Missing character: There is no s ("73) in font nullfont!
Missing character: There is no u ("75) in font nullfont!
Missing character: There is no p ("70) in font nullfont!
Missing character: There is no a ("61) in font nullfont!
Missing character: There is no b ("62) in font nullfont!
Missing character: There is no a ("61) in font nullfont!
Missing character: There is no s ("73) in font nullfont!
Missing character: There is no e ("65) in font nullfont!
File: figures/supabase.png Graphic file (type bmp)
<figures/supabase.png>


Missing character: There is no 2 ("32) in font nullfont!
Missing character: There is no . ("2E) in font nullfont!
Missing character: There is no 3 ("33) in font nullfont!
Missing character: There is no . ("2E) in font nullfont!
Missing character: There is no s ("73) in font nullfont!
Missing character: There is no u ("75) in font nullfont!
Missing character: There is no p ("70) in font nullfont!
Missing character: There is no a ("61) in font nullfont!
Missing character: There is no b ("62) in font nullfont!
Missing character: There is no a ("61) in font nullfont!
Missing character: There is no s ("73) in font nullfont!
Missing character: There is no e ("65) in font nullfont!
Missing character: There is no 1 ("31) in font nullfont!
Missing character: There is no 0 ("30) in font nullfont!
[10]
Missing character: There is no 2 ("32) in font nullfont!
Missing character: There is no . ("2E) in font nullfont!
Missing character: There is no 4 ("34) in font nullfont!
Missing character: There is no . ("2E) in font nullfont!
Missing character: There is no o ("6F) in font nullfont!
Missing character: There is no l ("6C) in font nullfont!
Missing character: There is no l ("6C) in font nullfont!
Missing character: There is no a ("61) in font nullfont!
Missing character: There is no m ("6D) in font nullfont!
Missing character: There is no a ("61) in font nullfont!
File: figures/ollama.png Graphic file (type bmp)
<figures/ollama.png>
Missing character: There is no 2 ("32) in font nullfont!
Missing character: There is no . ("2E) in font nullfont!
Missing character: There is no 5 ("35) in font nullfont!
Missing character: There is no . ("2E) in font nullfont!
Missing character: There is no O ("4F) in font nullfont!
Missing character: There is no p ("70) in font nullfont!
Missing character: There is no e ("65) in font nullfont!
Missing character: There is no n ("6E) in font nullfont!
Missing character: There is no A ("41) in font nullfont!
Missing character: There is no I ("49) in font nullfont!


Missing character: There is no 2 ("32) in font nullfont!
Missing character: There is no . ("2E) in font nullfont!
Missing character: There is no 4 ("34) in font nullfont!
Missing character: There is no . ("2E) in font nullfont!
Missing character: There is no o ("6F) in font nullfont!
Missing character: There is no l ("6C) in font nullfont!
Missing character: There is no l ("6C) in font nullfont!
Missing character: There is no a ("61) in font nullfont!
Missing character: There is no m ("6D) in font nullfont!
Missing character: There is no a ("61) in font nullfont!
Missing character: There is no 1 ("31) in font nullfont!
Missing character: There is no 1 ("31) in font nullfont!
[11]
File: figures/openai.png Graphic file (type bmp)
<figures/openai.png>

Missing character: There is no 2 ("32) in font nullfont!
Missing character: There is no . ("2E) in font nullfont!
Missing character: There is no 6 ("36) in font nullfont!
Missing character: There is no . ("2E) in font nullfont!
Missing character: There is no H ("48) in font nullfont!
Missing character: There is no u ("75) in font nullfont!
Missing character: There is no g ("67) in font nullfont!
Missing character: There is no g ("67) in font nullfont!
Missing character: There is no i ("69) in font nullfont!
Missing character: There is no n ("6E) in font nullfont!
Missing character: There is no g ("67) in font nullfont!
Missing character: There is no F ("46) in font nullfont!
Missing character: There is no a ("61) in font nullfont!
Missing character: There is no c ("63) in font nullfont!
Missing character: There is no e ("65) in font nullfont!


Missing character: There is no 2 ("32) in font nullfont!
Missing character: There is no . ("2E) in font nullfont!
Missing character: There is no 5 ("35) in font nullfont!
Missing character: There is no . ("2E) in font nullfont!
Missing character: There is no O ("4F) in font nullfont!
Missing character: There is no p ("70) in font nullfont!
Missing character: There is no e ("65) in font nullfont!
Missing character: There is no n ("6E) in font nullfont!
Missing character: There is no A ("41) in font nullfont!
Missing character: There is no I ("49) in font nullfont!
Missing character: There is no 1 ("31) in font nullfont!
Missing character: There is no 2 ("32) in font nullfont!
[12]
File: figures/Hugging face.png Graphic file (type bmp)
<figures/Hugging face.png>

Missing character: There is no 2 ("32) in font nullfont!
Missing character: There is no . ("2E) in font nullfont!
Missing character: There is no 7 ("37) in font nullfont!
Missing character: There is no . ("2E) in font nullfont!
Missing character: There is no M ("4D) in font nullfont!
Missing character: There is no C ("43) in font nullfont!
Missing character: There is no P ("50) in font nullfont!
File: figures/mcp.png Graphic file (type bmp)
<figures/mcp.png>


Missing character: There is no 2 ("32) in font nullfont!
Missing character: There is no . ("2E) in font nullfont!
Missing character: There is no 7 ("37) in font nullfont!
Missing character: There is no . ("2E) in font nullfont!
Missing character: There is no M ("4D) in font nullfont!
Missing character: There is no C ("43) in font nullfont!
Missing character: There is no P ("50) in font nullfont!
Missing character: There is no 1 ("31) in font nullfont!
Missing character: There is no 3 ("33) in font nullfont!
[13]
Missing character: There is no 2 ("32) in font nullfont!
Missing character: There is no . ("2E) in font nullfont!
Missing character: There is no 8 ("38) in font nullfont!
Missing character: There is no . ("2E) in font nullfont!
File: figures/后端框架.png Graphic file (type bmp)
<figures/后端框架.png>


Missing character: There is no 2 ("32) in font nullfont!
Missing character: There is no . ("2E) in font nullfont!
Missing character: There is no 8 ("38) in font nullfont!
Missing character: There is no . ("2E) in font nullfont!
Missing character: There is no 1 ("31) in font nullfont!
Missing character: There is no 4 ("34) in font nullfont!
[14]
Missing character: There is no 2 ("32) in font nullfont!
Missing character: There is no . ("2E) in font nullfont!
Missing character: There is no 9 ("39) in font nullfont!
Missing character: There is no . ("2E) in font nullfont!
File: figures/前端框架.png Graphic file (type bmp)
<figures/前端框架.png>


Missing character: There is no 2 ("32) in font nullfont!
Missing character: There is no . ("2E) in font nullfont!
Missing character: There is no 9 ("39) in font nullfont!
Missing character: There is no . ("2E) in font nullfont!
Missing character: There is no 1 ("31) in font nullfont!
Missing character: There is no 5 ("35) in font nullfont!
[15])

Missing character: There is no 2 ("32) in font nullfont!
Missing character: There is no . ("2E) in font nullfont!
Missing character: There is no 9 ("39) in font nullfont!
Missing character: There is no . ("2E) in font nullfont!
Missing character: There is no 1 ("31) in font nullfont!
Missing character: There is no 6 ("36) in font nullfont!
[16] (./mainmatter/require.tex
Chapter 3.
Missing character: There is no 3 ("33) in font nullfont!
Missing character: There is no . ("2E) in font nullfont!
Missing character: There is no 1 ("31) in font nullfont!
Missing character: There is no . ("2E) in font nullfont!
Missing character: There is no 3 ("33) in font nullfont!
Missing character: There is no . ("2E) in font nullfont!
Missing character: There is no 1 ("31) in font nullfont!
Missing character: There is no . ("2E) in font nullfont!
Missing character: There is no 1 ("31) in font nullfont!
Missing character: There is no . ("2E) in font nullfont!
File: figures/功能性需求.png Graphic file (type bmp)
<figures/功能性需求.png>


File: figures/logo-black.png Graphic file (type bmp)
<figures/logo-black.png>
[17



]
File: figures/case.png Graphic file (type bmp)
<figures/case.png>


Missing character: There is no 3 ("33) in font nullfont!
Missing character: There is no . ("2E) in font nullfont!
Missing character: There is no 1 ("31) in font nullfont!
Missing character: There is no . ("2E) in font nullfont!
Missing character: There is no 1 ("31) in font nullfont!
Missing character: There is no 8 ("38) in font nullfont!
[18]
Missing character: There is no 3 ("33) in font nullfont!
Missing character: There is no . ("2E) in font nullfont!
Missing character: There is no 1 ("31) in font nullfont!
Missing character: There is no . ("2E) in font nullfont!
Missing character: There is no 2 ("32) in font nullfont!
Missing character: There is no . ("2E) in font nullfont!
Missing character: There is no 3 ("33) in font nullfont!
Missing character: There is no . ("2E) in font nullfont!
Missing character: There is no 1 ("31) in font nullfont!
Missing character: There is no . ("2E) in font nullfont!
Missing character: There is no 3 ("33) in font nullfont!
Missing character: There is no . ("2E) in font nullfont!
Missing character: There is no 3 ("33) in font nullfont!
Missing character: There is no . ("2E) in font nullfont!
Missing character: There is no 1 ("31) in font nullfont!
Missing character: There is no . ("2E) in font nullfont!
Missing character: There is no 4 ("34) in font nullfont!
Missing character: There is no . ("2E) in font nullfont!
Missing character: There is no 3 ("33) in font nullfont!
Missing character: There is no . ("2E) in font nullfont!
Missing character: There is no 1 ("31) in font nullfont!
Missing character: There is no . ("2E) in font nullfont!
Missing character: There is no 5 ("35) in font nullfont!
Missing character: There is no . ("2E) in font nullfont!
Missing character: There is no 3 ("33) in font nullfont!
Missing character: There is no . ("2E) in font nullfont!
Missing character: There is no 1 ("31) in font nullfont!
Missing character: There is no . ("2E) in font nullfont!
Missing character: There is no 6 ("36) in font nullfont!
Missing character: There is no . ("2E) in font nullfont!


Missing character: There is no 3 ("33) in font nullfont!
Missing character: There is no . ("2E) in font nullfont!
Missing character: There is no 1 ("31) in font nullfont!
Missing character: There is no . ("2E) in font nullfont!
Missing character: There is no 1 ("31) in font nullfont!
Missing character: There is no 9 ("39) in font nullfont!
[19]
Missing character: There is no 3 ("33) in font nullfont!
Missing character: There is no . ("2E) in font nullfont!
Missing character: There is no 2 ("32) in font nullfont!
Missing character: There is no . ("2E) in font nullfont!
) (./mainmatter/system.tex

Missing character: There is no 3 ("33) in font nullfont!
Missing character: There is no . ("2E) in font nullfont!
Missing character: There is no 2 ("32) in font nullfont!
Missing character: There is no . ("2E) in font nullfont!
Missing character: There is no 2 ("32) in font nullfont!
Missing character: There is no 0 ("30) in font nullfont!
[20]
Chapter 4.
Missing character: There is no 4 ("34) in font nullfont!
Missing character: There is no . ("2E) in font nullfont!
Missing character: There is no 1 ("31) in font nullfont!
Missing character: There is no . ("2E) in font nullfont!
Missing character: There is no 4 ("34) in font nullfont!
Missing character: There is no . ("2E) in font nullfont!
Missing character: There is no 2 ("32) in font nullfont!
Missing character: There is no . ("2E) in font nullfont!


File: figures/logo-black.png Graphic file (type bmp)
<figures/logo-black.png>
[21

]
File: figures/sys.png Graphic file (type bmp)
<figures/sys.png>


Missing character: There is no 4 ("34) in font nullfont!
Missing character: There is no . ("2E) in font nullfont!
Missing character: There is no 2 ("32) in font nullfont!
Missing character: There is no . ("2E) in font nullfont!
Missing character: There is no 2 ("32) in font nullfont!
Missing character: There is no 2 ("32) in font nullfont!
[22]
Missing character: There is no 4 ("34) in font nullfont!
Missing character: There is no . ("2E) in font nullfont!
Missing character: There is no 2 ("32) in font nullfont!
Missing character: There is no . ("2E) in font nullfont!
Missing character: There is no 1 ("31) in font nullfont!
Missing character: There is no . ("2E) in font nullfont!


Missing character: There is no 4 ("34) in font nullfont!
Missing character: There is no . ("2E) in font nullfont!
Missing character: There is no 2 ("32) in font nullfont!
Missing character: There is no . ("2E) in font nullfont!
Missing character: There is no 2 ("32) in font nullfont!
Missing character: There is no 3 ("33) in font nullfont!
[23]
File: figures/phone.png Graphic file (type bmp)
<figures/phone.png>


Missing character: There is no 4 ("34) in font nullfont!
Missing character: There is no . ("2E) in font nullfont!
Missing character: There is no 2 ("32) in font nullfont!
Missing character: There is no . ("2E) in font nullfont!
Missing character: There is no 2 ("32) in font nullfont!
Missing character: There is no 4 ("34) in font nullfont!
[24]
Missing character: There is no 4 ("34) in font nullfont!
Missing character: There is no . ("2E) in font nullfont!
Missing character: There is no 2 ("32) in font nullfont!
Missing character: There is no . ("2E) in font nullfont!
Missing character: There is no 2 ("32) in font nullfont!
Missing character: There is no . ("2E) in font nullfont!
File: figures/api.png Graphic file (type bmp)
<figures/api.png>


Missing character: There is no 4 ("34) in font nullfont!
Missing character: There is no . ("2E) in font nullfont!
Missing character: There is no 2 ("32) in font nullfont!
Missing character: There is no . ("2E) in font nullfont!
Missing character: There is no 2 ("32) in font nullfont!
Missing character: There is no 5 ("35) in font nullfont!
[25]
Missing character: There is no 4 ("34) in font nullfont!
Missing character: There is no . ("2E) in font nullfont!
Missing character: There is no 2 ("32) in font nullfont!
Missing character: There is no . ("2E) in font nullfont!
Missing character: There is no 3 ("33) in font nullfont!
Missing character: There is no . ("2E) in font nullfont!
File: figures/n8n_.png Graphic file (type bmp)
<figures/n8n_.png>


Missing character: There is no 4 ("34) in font nullfont!
Missing character: There is no . ("2E) in font nullfont!
Missing character: There is no 2 ("32) in font nullfont!
Missing character: There is no . ("2E) in font nullfont!
Missing character: There is no 2 ("32) in font nullfont!
Missing character: There is no 6 ("36) in font nullfont!
[26]

Missing character: There is no 4 ("34) in font nullfont!
Missing character: There is no . ("2E) in font nullfont!
Missing character: There is no 2 ("32) in font nullfont!
Missing character: There is no . ("2E) in font nullfont!
Missing character: There is no 2 ("32) in font nullfont!
Missing character: There is no 7 ("37) in font nullfont!
[27]
Missing character: There is no 4 ("34) in font nullfont!
Missing character: There is no . ("2E) in font nullfont!
Missing character: There is no 2 ("32) in font nullfont!
Missing character: There is no . ("2E) in font nullfont!
Missing character: There is no 4 ("34) in font nullfont!
Missing character: There is no . ("2E) in font nullfont!
File: figures/module.png Graphic file (type bmp)
<figures/module.png>


Missing character: There is no 4 ("34) in font nullfont!
Missing character: There is no . ("2E) in font nullfont!
Missing character: There is no 2 ("32) in font nullfont!
Missing character: There is no . ("2E) in font nullfont!
Missing character: There is no 2 ("32) in font nullfont!
Missing character: There is no 8 ("38) in font nullfont!
[28]
Missing character: There is no 4 ("34) in font nullfont!
Missing character: There is no . ("2E) in font nullfont!
Missing character: There is no 2 ("32) in font nullfont!
Missing character: There is no . ("2E) in font nullfont!
Missing character: There is no 5 ("35) in font nullfont!
Missing character: There is no . ("2E) in font nullfont!


Missing character: There is no 4 ("34) in font nullfont!
Missing character: There is no . ("2E) in font nullfont!
Missing character: There is no 2 ("32) in font nullfont!
Missing character: There is no . ("2E) in font nullfont!
Missing character: There is no 2 ("32) in font nullfont!
Missing character: There is no 9 ("39) in font nullfont!
[29]
File: figures/数据.png Graphic file (type bmp)
<figures/数据.png>

Missing character: There is no 4 ("34) in font nullfont!
Missing character: There is no . ("2E) in font nullfont!
Missing character: There is no 3 ("33) in font nullfont!
Missing character: There is no . ("2E) in font nullfont!
Missing character: There is no 4 ("34) in font nullfont!
Missing character: There is no . ("2E) in font nullfont!
Missing character: There is no 3 ("33) in font nullfont!
Missing character: There is no . ("2E) in font nullfont!
Missing character: There is no 1 ("31) in font nullfont!
Missing character: There is no . ("2E) in font nullfont!


Missing character: There is no 4 ("34) in font nullfont!
Missing character: There is no . ("2E) in font nullfont!
Missing character: There is no 2 ("32) in font nullfont!
Missing character: There is no . ("2E) in font nullfont!
Missing character: There is no 3 ("33) in font nullfont!
Missing character: There is no 0 ("30) in font nullfont!
[30]
Missing character: There is no 4 ("34) in font nullfont!
Missing character: There is no . ("2E) in font nullfont!
Missing character: There is no 3 ("33) in font nullfont!
Missing character: There is no . ("2E) in font nullfont!
Missing character: There is no 2 ("32) in font nullfont!
Missing character: There is no . ("2E) in font nullfont!


Missing character: There is no 4 ("34) in font nullfont!
Missing character: There is no . ("2E) in font nullfont!
Missing character: There is no 3 ("33) in font nullfont!
Missing character: There is no . ("2E) in font nullfont!
Missing character: There is no 3 ("33) in font nullfont!
Missing character: There is no 1 ("31) in font nullfont!
[31]
File: figures/module_overview.png Graphic file (type bmp)
<figures/module_overview.png>
) (./mainmatter/re.tex

Missing character: There is no 4 ("34) in font nullfont!
Missing character: There is no . ("2E) in font nullfont!
Missing character: There is no 3 ("33) in font nullfont!
Missing character: There is no . ("2E) in font nullfont!
Missing character: There is no 3 ("33) in font nullfont!
Missing character: There is no 2 ("32) in font nullfont!
[32]
Chapter 5.
Missing character: There is no 5 ("35) in font nullfont!
Missing character: There is no . ("2E) in font nullfont!
Missing character: There is no 1 ("31) in font nullfont!
Missing character: There is no . ("2E) in font nullfont!
File: figures/数据管理.png Graphic file (type bmp)
<figures/数据管理.png>


File: figures/logo-black.png Graphic file (type bmp)
<figures/logo-black.png>
[33

]
Missing character: There is no 5 ("35) in font nullfont!
Missing character: There is no . ("2E) in font nullfont!
Missing character: There is no 2 ("32) in font nullfont!
Missing character: There is no . ("2E) in font nullfont!

Overfull \hbox (7.0918pt too wide) in paragraph at lines 19--20
\TU/STSong(0)/m/n/12 户 自 然 语 言 输 入，|  完 成 从 知 识 提 取 到 个 性 化 生 成 的 全 过 程，|  是 \TU/lmr/m/n/12 RAG |\TU/STSong(0)/m/n/12 （\TU/lmr/m/n/12 Retrieval-Augmented
 []

File: figures/知识库.png Graphic file (type bmp)
<figures/知识库.png>


Missing character: There is no 5 ("35) in font nullfont!
Missing character: There is no . ("2E) in font nullfont!
Missing character: There is no 2 ("32) in font nullfont!
Missing character: There is no . ("2E) in font nullfont!
Missing character: There is no 3 ("33) in font nullfont!
Missing character: There is no 4 ("34) in font nullfont!
[34]
Missing character: There is no 5 ("35) in font nullfont!
Missing character: There is no . ("2E) in font nullfont!
Missing character: There is no 3 ("33) in font nullfont!
Missing character: There is no . ("2E) in font nullfont!
File: figures/讲义1.png Graphic file (type bmp)
<figures/讲义1.png>


Missing character: There is no 5 ("35) in font nullfont!
Missing character: There is no . ("2E) in font nullfont!
Missing character: There is no 3 ("33) in font nullfont!
Missing character: There is no . ("2E) in font nullfont!
Missing character: There is no 3 ("33) in font nullfont!
Missing character: There is no 5 ("35) in font nullfont!
[35]
Missing character: There is no 5 ("35) in font nullfont!
Missing character: There is no . ("2E) in font nullfont!
Missing character: There is no 4 ("34) in font nullfont!
Missing character: There is no . ("2E) in font nullfont!
File: figures/做题.png Graphic file (type bmp)
<figures/做题.png>


Missing character: There is no 5 ("35) in font nullfont!
Missing character: There is no . ("2E) in font nullfont!
Missing character: There is no 4 ("34) in font nullfont!
Missing character: There is no . ("2E) in font nullfont!
Missing character: There is no 3 ("33) in font nullfont!
Missing character: There is no 6 ("36) in font nullfont!
[36]
Missing character: There is no 5 ("35) in font nullfont!
Missing character: There is no . ("2E) in font nullfont!
Missing character: There is no 5 ("35) in font nullfont!
Missing character: There is no . ("2E) in font nullfont!
File: figures/批改.png Graphic file (type bmp)
<figures/批改.png>


Missing character: There is no 5 ("35) in font nullfont!
Missing character: There is no . ("2E) in font nullfont!
Missing character: There is no 5 ("35) in font nullfont!
Missing character: There is no . ("2E) in font nullfont!
Missing character: There is no 3 ("33) in font nullfont!
Missing character: There is no 7 ("37) in font nullfont!
[37]
Missing character: There is no 5 ("35) in font nullfont!
Missing character: There is no . ("2E) in font nullfont!
Missing character: There is no 6 ("36) in font nullfont!
Missing character: There is no . ("2E) in font nullfont!
File: figures/默写1.png Graphic file (type bmp)
<figures/默写1.png>
Missing character: There is no 5 ("35) in font nullfont!
Missing character: There is no . ("2E) in font nullfont!
Missing character: There is no 7 ("37) in font nullfont!
Missing character: There is no . ("2E) in font nullfont!


Missing character: There is no 5 ("35) in font nullfont!
Missing character: There is no . ("2E) in font nullfont!
Missing character: There is no 6 ("36) in font nullfont!
Missing character: There is no . ("2E) in font nullfont!
Missing character: There is no 3 ("33) in font nullfont!
Missing character: There is no 8 ("38) in font nullfont!
[38]
File: figures/搜索.png Graphic file (type bmp)
<figures/搜索.png>
) (./mainmatter/al.tex

Missing character: There is no 5 ("35) in font nullfont!
Missing character: There is no . ("2E) in font nullfont!
Missing character: There is no 7 ("37) in font nullfont!
Missing character: There is no . ("2E) in font nullfont!
Missing character: There is no 3 ("33) in font nullfont!
Missing character: There is no 9 ("39) in font nullfont!
[39]
Chapter 6.
Missing character: There is no 6 ("36) in font nullfont!
Missing character: There is no . ("2E) in font nullfont!
Missing character: There is no 1 ("31) in font nullfont!
Missing character: There is no . ("2E) in font nullfont!
Missing character: There is no H ("48) in font nullfont!
Missing character: There is no u ("75) in font nullfont!
Missing character: There is no g ("67) in font nullfont!
Missing character: There is no g ("67) in font nullfont!
Missing character: There is no i ("69) in font nullfont!
Missing character: There is no n ("6E) in font nullfont!
Missing character: There is no g ("67) in font nullfont!
Missing character: There is no F ("46) in font nullfont!
Missing character: There is no a ("61) in font nullfont!
Missing character: There is no c ("63) in font nullfont!
Missing character: There is no e ("65) in font nullfont!
File: figures/微调.png Graphic file (type bmp)
<figures/微调.png>


File: figures/logo-black.png Graphic file (type bmp)
<figures/logo-black.png>
[40

]
Missing character: There is no 6 ("36) in font nullfont!
Missing character: There is no . ("2E) in font nullfont!
Missing character: There is no 2 ("32) in font nullfont!
Missing character: There is no . ("2E) in font nullfont!
Missing character: There is no C ("43) in font nullfont!
Missing character: There is no N ("4E) in font nullfont!
Missing character: There is no N ("4E) in font nullfont!
File: figures/ocr.png Graphic file (type bmp)
<figures/ocr.png>


Missing character: There is no 6 ("36) in font nullfont!
Missing character: There is no . ("2E) in font nullfont!
Missing character: There is no 2 ("32) in font nullfont!
Missing character: There is no . ("2E) in font nullfont!
Missing character: There is no C ("43) in font nullfont!
Missing character: There is no N ("4E) in font nullfont!
Missing character: There is no N ("4E) in font nullfont!
Missing character: There is no 4 ("34) in font nullfont!
Missing character: There is no 1 ("31) in font nullfont!
[41]
File: figures/11.png Graphic file (type bmp)
<figures/11.png>


Missing character: There is no 6 ("36) in font nullfont!
Missing character: There is no . ("2E) in font nullfont!
Missing character: There is no 2 ("32) in font nullfont!
Missing character: There is no . ("2E) in font nullfont!
Missing character: There is no C ("43) in font nullfont!
Missing character: There is no N ("4E) in font nullfont!
Missing character: There is no N ("4E) in font nullfont!
Missing character: There is no 4 ("34) in font nullfont!
Missing character: There is no 2 ("32) in font nullfont!
[42]
Missing character: There is no 6 ("36) in font nullfont!
Missing character: There is no . ("2E) in font nullfont!
Missing character: There is no 3 ("33) in font nullfont!
Missing character: There is no . ("2E) in font nullfont!

Overfull \hbox (2.6731pt too wide) in paragraph at lines 67--68
\TU/STSong(0)/m/n/12 诗 词 练 习 评 估 的 准 确 性 和 鲁 棒 性。|  该 算 法 核 心 在 于 利 用 两 个 深 度 学 习 模 型  |— —| \TU/lmr/m/n/12 DeepSeek
 []



Missing character: There is no 6 ("36) in font nullfont!
Missing character: There is no . ("2E) in font nullfont!
Missing character: There is no 2 ("32) in font nullfont!
Missing character: There is no . ("2E) in font nullfont!
Missing character: There is no C ("43) in font nullfont!
Missing character: There is no N ("4E) in font nullfont!
Missing character: There is no N ("4E) in font nullfont!
Missing character: There is no 4 ("34) in font nullfont!
Missing character: There is no 3 ("33) in font nullfont!
[43]
File: figures/double.png Graphic file (type bmp)
<figures/double.png>

Overfull \hbox (11.90779pt too wide) in paragraph at lines 79--80
\TU/STSong(0)/m/n/12 的 专 注 于 古 诗 文 语 义，| \TU/lmr/m/n/12 Qwen \TU/STSong(0)/m/n/12 更 侧 重 于 语 法、|  结 构 和 语 言 风 格 的 准 确 性。|  通 过 对 比 \TU/lmr/m/n/12 DeepSeek
 []



Missing character: There is no 6 ("36) in font nullfont!
Missing character: There is no . ("2E) in font nullfont!
Missing character: There is no 3 ("33) in font nullfont!
Missing character: There is no . ("2E) in font nullfont!
Missing character: There is no 4 ("34) in font nullfont!
Missing character: There is no 4 ("34) in font nullfont!
[44]
Package hyperref Info: bookmark level for unknown algorithm defaults to 0 on input line 95.

Package fontspec Info: 
(fontspec)             Script 'CJK' not explicitly supported within font
(fontspec)             'STFangsong'. Check the typeset output, and if it is
(fontspec)             okay then ignore this warning. Otherwise a different
(fontspec)             font should be chosen.


Package fontspec Info: 
(fontspec)             Could not resolve font "STFangsong/BI" (it probably
(fontspec)             doesn't exist).


Package fontspec Info: 
(fontspec)             Could not resolve font "STFangsong/B" (it probably
(fontspec)             doesn't exist).


Package fontspec Info: 
(fontspec)             Could not resolve font "STFangsong/I" (it probably
(fontspec)             doesn't exist).

Package microtype Info: Loading generic protrusion settings for font family
(microtype)             `lmtt' (encoding: TU).
(microtype)             For optimal results, create family-specific settings.
(microtype)             See the microtype manual for details.

Package fontspec Info: 
(fontspec)             Font family 'STFangsong(0)' created for font
(fontspec)             'STFangsong' with options [Script={CJK}].
(fontspec)              
(fontspec)              This font family consists of the following NFSS
(fontspec)             series/shapes:
(fontspec)              
(fontspec)             - 'normal' (m/n) with NFSS spec.:
(fontspec)             <->"STFangsong/OT:script=hani;language=dflt;"



Missing character: There is no 6 ("36) in font nullfont!
Missing character: There is no . ("2E) in font nullfont!
Missing character: There is no 3 ("33) in font nullfont!
Missing character: There is no . ("2E) in font nullfont!
Missing character: There is no 4 ("34) in font nullfont!
Missing character: There is no 5 ("35) in font nullfont!
[45]
File: figures/22.png Graphic file (type bmp)
<figures/22.png>


Missing character: There is no 6 ("36) in font nullfont!
Missing character: There is no . ("2E) in font nullfont!
Missing character: There is no 3 ("33) in font nullfont!
Missing character: There is no . ("2E) in font nullfont!
Missing character: There is no 4 ("34) in font nullfont!
Missing character: There is no 6 ("36) in font nullfont!
[46]
Missing character: There is no 6 ("36) in font nullfont!
Missing character: There is no . ("2E) in font nullfont!
Missing character: There is no 4 ("34) in font nullfont!
Missing character: There is no . ("2E) in font nullfont!
Missing character: There is no S ("53) in font nullfont!
Missing character: There is no p ("70) in font nullfont!
Missing character: There is no a ("61) in font nullfont!
Missing character: There is no r ("72) in font nullfont!
Missing character: There is no k ("6B) in font nullfont!
File: figures/spark_.png Graphic file (type bmp)
<figures/spark_.png>


Missing character: There is no 6 ("36) in font nullfont!
Missing character: There is no . ("2E) in font nullfont!
Missing character: There is no 4 ("34) in font nullfont!
Missing character: There is no . ("2E) in font nullfont!
Missing character: There is no S ("53) in font nullfont!
Missing character: There is no p ("70) in font nullfont!
Missing character: There is no a ("61) in font nullfont!
Missing character: There is no r ("72) in font nullfont!
Missing character: There is no k ("6B) in font nullfont!
Missing character: There is no 4 ("34) in font nullfont!
Missing character: There is no 7 ("37) in font nullfont!
[47]

Missing character: There is no 6 ("36) in font nullfont!
Missing character: There is no . ("2E) in font nullfont!
Missing character: There is no 4 ("34) in font nullfont!
Missing character: There is no . ("2E) in font nullfont!
Missing character: There is no S ("53) in font nullfont!
Missing character: There is no p ("70) in font nullfont!
Missing character: There is no a ("61) in font nullfont!
Missing character: There is no r ("72) in font nullfont!
Missing character: There is no k ("6B) in font nullfont!
Missing character: There is no 4 ("34) in font nullfont!
Missing character: There is no 8 ("38) in font nullfont!
[48])

Missing character: There is no 6 ("36) in font nullfont!
Missing character: There is no . ("2E) in font nullfont!
Missing character: There is no 4 ("34) in font nullfont!
Missing character: There is no . ("2E) in font nullfont!
Missing character: There is no S ("53) in font nullfont!
Missing character: There is no p ("70) in font nullfont!
Missing character: There is no a ("61) in font nullfont!
Missing character: There is no r ("72) in font nullfont!
Missing character: There is no k ("6B) in font nullfont!
Missing character: There is no 4 ("34) in font nullfont!
Missing character: There is no 9 ("39) in font nullfont!
[49]
\openout2 = `mainmatter/manual.aux'.

 (./mainmatter/manual.tex
Chapter 7.
File: figures/1.png Graphic file (type bmp)
<figures/1.png>


File: figures/logo-black.png Graphic file (type bmp)
<figures/logo-black.png>
[50


]
File: figures/3.png Graphic file (type bmp)
<figures/3.png>
File: figures/4.png Graphic file (type bmp)
<figures/4.png>


Missing character: There is no 5 ("35) in font nullfont!
Missing character: There is no 1 ("31) in font nullfont!
[51]
File: figures/5.png Graphic file (type bmp)
<figures/5.png>
File: figures/7.png Graphic file (type bmp)
<figures/7.png>


Missing character: There is no 5 ("35) in font nullfont!
Missing character: There is no 2 ("32) in font nullfont!
[52])

Missing character: There is no 5 ("35) in font nullfont!
Missing character: There is no 3 ("33) in font nullfont!
[53]
\openout2 = `mainmatter/back.aux'.

 (./mainmatter/back.tex
Chapter 8.
File: figures/展望.png Graphic file (type bmp)
<figures/展望.png>
)

File: figures/logo-black.png Graphic file (type bmp)
<figures/logo-black.png>
[54




]

Package caption Warning: Unused \captionsetup[table] on input line 18.
See the caption package documentation for explanation.

(/Users/wanglingyule/Documents/tzb/技术方案/.texpadtmp/main.aux (/Users/wanglingyule/Documents/tzb/技术方案/.texpadtmp/mainmatter/tech.aux) (/Users/wanglingyule/Documents/tzb/技术方案/.texpadtmp/mainmatter/manual.aux) (/Users/wanglingyule/Documents/tzb/技术方案/.texpadtmp/mainmatter/back.aux))
 ***********
LaTeX2e <2024-11-01> patch level 2
L3 programming layer <2022/07/14>
 ***********


LaTeX Font Warning: Some font shapes were not available, defaults substituted.


LaTeX Warning: There were multiply-defined labels.

Package rerunfilecheck Info: File `main.out' has not changed.
(rerunfilecheck)             Checksum: 30FBCF052DAF2EDD144F3A2DEAABDE55;5562.
Package logreq Info: Writing requests to 'main.run.xml'.
\openout1 = `main.run.xml'.

 ) 
Here is how much of TeX's memory you used:
 48720 strings out of 473832
 1051453 string characters out of 5729482
 1901287 words of memory out of 5000000
 70964 multiletter control sequences out of 15000+600000
 573515 words of font info for 107 fonts, out of 8000000 for 9000
 1348 hyphenation exceptions out of 8191
 99i,13n,114p,1197b,978s stack positions out of 10000i,1000n,20000p,200000b,200000s

Output written on /Users/wanglingyule/Documents/tzb/技术方案/.texpadtmp/main.pdf (55 pages).
